x1,x2,y
2.1640641208713256,-1.0121139793422054,0
1.9475621692119987,-1.9134942380328595,0
-0.8607531559039093,-1.08900648693587,1
2.530348314083165,0.04082249523061832,0
1.0149541932429542,2.798954756170963,0
4.462315332833728,2.089667194855255,0
-0.33500292543547233,-1.0907015049198523,1
-0.5776928270757475,-0.7544147699356147,1
-2.226638539904344,2.429889302684427,1
2.2403763982673155,-1.3636218794622876,0
1.7332318434380896,0.5706542086940455,0
2.1648388214998024,1.2604189691045866,0
0.6872988763003245,0.4722665976104693,0
-0.42600755313341077,0.6412976739560738,1
1.1776124715049119,1.7361606515530401,0
-4.730481667121761,-1.4332362728497061,1
1.3399048516385892,0.5093527667528625,0
1.5763986298201473,0.822873162144461,0
-2.2998904102932327,0.8858421741995555,1
-1.130506470548276,1.4027765717960738,1
1.827710999944157,0.4270767390279607,0
1.9627190788189879,3.7309821700905355,0
-1.9688498584926408,-1.3581928850631555,1
-2.969269543289385,-0.5290965042254173,1
3.3876506740869528,-1.0997839950653188,0
-3.3111499579023866,1.0971034079320148,1
1.1517417087515147,-0.6976121519202464,0
2.2946863902435433,-0.4953476936335924,0
-1.0014053952651927,0.0840736750885799,1
-1.1211744330944657,-0.48910573549175607,1
1.0373569397404296,2.2771496673631995,0
-0.47901947910598114,-2.428434348212264,1
0.9237464742745898,-0.9567538235987919,0
0.4125172833050497,-1.4354678871411581,0
0.7943498021366042,0.3654768496905167,0
0.87799294271608,0.7654461569051777,0
-3.402397060406055,0.8244329684505839,1
3.8180500672031914,-0.5499381773961899,0
-1.4535557671575043,-0.21423339250524542,1
-1.802789016573193,-2.713773470211611,1
0.5020151564662242,0.5657002472675122,0
-1.9375581544845113,-0.3028251264614998,1
-1.0945527444301661,0.9618762044434317,1
-1.7554157413436782,-1.1542752107137957,1
0.056588076327832686,1.3373895606116677,0
-4.069213613284646,-1.000076948894119,1
0.2974139484132848,-0.7588911876472682,0
-1.7391041091459343,-0.7248271252438077,1
1.3303582466241586,2.2030586399613967,0
-2.7025376965143395,-0.42543876286979,1
-0.18307579590660347,0.6013929276300285,0
0.8034566497594381,-0.5653386771887864,0
0.8616896527533247,-0.5220216553062348,0
2.1573300864358256,-0.22341352697433653,0
-0.9432111394914898,-0.92957245482374,1
-0.19230854276955453,0.007446049903869199,1
1.5796896900289057,-1.4679528316979127,0
-1.7886534324122898,-0.6151568023613762,1
2.562866721474893,-1.7135463945572773,0
-1.1402843963377185,-0.9785443385733474,1
2.5893164821684804,-1.107149540964166,0
-2.397923666951479,0.9509840026675176,1
-0.8438975990559632,0.39383354913377255,1
-1.047176000667938,1.8139701307520573,1
2.3889575894980295,-1.731633846497135,0
1.0503103198291392,-1.0833997441783338,0
-1.8538782208667057,-1.8207410510784896,1
-4.087687423028806,-0.26111242000444285,1
0.08353033596559134,-2.639347231254951,0
-0.16390738754219553,-0.8259797241164586,0
-0.3494652142286285,1.4627620267125023,1
4.859624570946346,1.0699671430815592,0
-1.0674750547329885,-0.20744983167847625,1
-2.8359032679574496,0.2882616317837749,1
-0.9186141781315237,0.35654167525551134,1
0.14232358499114853,-0.012873647959873098,0
1.8244853511656771,0.011561924967730234,0
-0.7383074682791786,-2.977413489907771,1
4.112187857794662,1.1083851046220496,0
-2.0415822386987803,0.593254946043166,1
-2.3207568223533745,-1.613281351691508,1
0.6422826537220059,2.187454255876115,0
-3.950054919856353,2.072459677962823,1
-0.6324773931224477,0.6134718204329594,1
1.6925419188776465,1.465798458343561,0
-1.9892087705542443,-0.4864290712147134,1
-0.5054821173760877,-1.1799584770139175,1
-2.050809151989154,-3.2554281576627577,1
-0.26770354978981803,-1.3478021323762044,0
-2.6735389749594045,-1.5359935334948447,1
-0.32165325086467733,0.12818594208923575,1
-0.38578036849179176,0.9763171033997338,0
3.2106878723206913,0.5916633708157011,0
3.263486911686414,0.045572939995783546,0
3.001597099700177,1.3417400491672862,0
-1.4453404483222205,0.5728787679344455,1
1.1524635104279553,0.4404829183860984,0
0.795542750060537,0.41917342532454754,0
-1.5250157502037471,-0.2234208034468156,1
0.08941443681309592,0.39600621245565437,0
-3.4791067957981703,1.2871850391620223,1
-1.0167733354599289,-1.6072668089689364,1
1.6748673456139946,-0.1719846330865909,0
0.5884768809765225,0.9662474320441126,0
4.681592368953986,0.002164664782215473,0
-2.6688368582954087,-2.5074087383470847,1
-0.01714838176993508,1.3157934632936932,0
-1.3437587605616923,0.5683641109942142,1
2.253845480210809,-1.7903691730949414,0
1.7419122564805005,0.5239561829973789,0
-2.859848053852778,-2.5894314309753814,1
3.415083094117826,0.9635413729529126,0
-0.6577711393515052,-0.8160431408866392,1
0.5785700287278732,-3.413366180567778,0
0.7703018576188719,-1.4694610095416665,0
-3.9641786045745295,-1.3299131336521486,1
-0.9609833004739962,1.88174997985754,1
2.3172126178448322,-0.4935525403701374,0
2.9198387801261045,-0.3914859975644451,0
2.520904051234321,-0.021480765708613597,0
-1.2910314697072025,0.09617811481414519,1
-2.029215789882961,-0.24816561603585433,1
2.4040095054763535,0.07607343124178788,0
2.2057626504864474,1.4732731978591118,0
1.8444765906523783,-0.8961633371318339,0
2.394013384079466,-0.6935033336913489,0
2.926085013491683,-1.9641524823038659,0
-0.737908694832586,1.4920877102248633,1
-0.6349268431623771,-1.7240355901798925,1
2.2947938001198827,0.7357882828013859,0
0.1324464609151732,-0.7268328706403747,1
2.972511091024269,-0.10787067238780527,0
-4.886567800367022,-0.9924050122214734,1
-1.283678892512643,1.6983662451686299,1
-1.5652377496854104,0.8640795414068381,1
0.7473153164817395,1.2491202354302866,0
-0.505177217859865,-0.10381835221354292,1
-3.792201458279803,-0.5025175767009296,1
1.5459375191559184,1.6308212397446022,0
2.2951982114044855,-1.7785067290738488,0
-4.056247376528342,-0.4041697730251439,1
-0.9548504576799413,-0.1406881720499722,1
-1.5702630761578629,-0.6925841309538534,1
1.881681043794478,1.0637168955017662,0
-0.12018542688210301,-0.16279076295599837,0
-0.8321022659916816,2.253288766996521,1
2.4603992283202354,1.4892223653582075,0
3.1692198570286356,-2.371506693775368,0
0.9402128965702229,-0.25190969384453926,0
3.2000481215667964,-0.6144275705332539,0
-1.7680874437821545,-1.8647328054494894,1
-1.2450762864804197,1.3471866430688293,1
-4.4803381241901485,-1.9177832274492326,1
0.7406970277135083,-0.6058243922690436,0
3.4107687343151283,0.5751867428258275,0
-0.5433062315473712,0.1465456309578468,1
1.907178661200729,1.514282333020926,0
-1.2442060336637502,2.4852242157138758,1
-0.6305668805179071,2.1410357194662915,1
0.34265625539479766,-1.2288103623810842,0
-5.403919099227358,-1.1624527291926248,1
-1.3777530877353439,-1.9851240381395185,1
-0.885503350263229,-1.0332308311777627,1
0.015127344102747646,0.9678882990056449,1
-0.8554726393604334,1.6462470123904043,1
-0.46985256560673033,0.6826908745859761,1
3.133797914583352,-0.6240252210110262,0
-0.14450013703151968,0.1464880855551044,1
-0.1797349359187774,2.199664366026289,0
-0.9404525739394197,0.9285228441053238,1
-0.3199669375581093,1.191101361413692,1
-4.856694008329131,-0.7355476121496265,1
2.9195565913914483,-2.337199715642292,0
1.0688567155956428,-0.7849321138045797,0
-2.7690450338702166,2.991611014924254,1
1.189742714878147,-0.16295400777722854,0
-3.466185707843117,-0.7527667157050264,1
-0.516095311262149,-0.730420067300983,1
-0.6932224579326371,1.5688084780534655,1
0.5136994500718864,-0.8344374370759087,0
-0.0096035253985715,-4.402243938705108,1
0.36715309522279027,0.8508803642966253,0
1.1579341653045179,-0.05477970452609351,0
-0.017170459521375508,-0.10299714106792933,0
3.0368962717537475,0.9456486620581561,0
-2.7710261377809564,2.2045573680319603,1
0.8642050264234117,0.5666712389050668,0
0.6321389485992545,-2.7871425023813523,0
-0.8624968310815997,-1.7095645667869077,1
-1.0619787923255177,-0.4165737999856029,1
-2.0173195172490983,2.86302773682959,1
0.09390997760603863,1.112792674952708,0
2.7402347077608673,0.719945475813508,0
1.7690581914695098,1.7026437409455932,0
-1.969061235341912,-0.3088527848153225,1
0.7826926352746363,0.19788454314869086,0
-2.65548689280199,1.051921531341355,1
-5.591874680683651,-0.835459986017436,1
-1.4794080658827804,0.995912112878046,1
3.3273880119203803,-0.33136019225379326,0
-1.5094034704208474,1.1267823897552935,1
4.9599904936370045,-0.827988541116016,0
-3.7361374499851796,-0.24706944244726325,1
4.35400967100616,1.1951535069690487,0
-1.8491622064872557,2.2511551834540446,1
1.240164362108845,0.9437493373940767,0
-2.4407257072671165,-0.7842155416981673,1
-1.2490882126625995,-3.5036017145051157,1
-0.6901746036049108,1.0820159438426042,1
0.47097011215565415,-2.4200315472777256,0
-3.7400292763336176,-0.3885971124709282,1
1.0047961971243209,-0.801752817939534,0
-2.250571652270762,0.29444289431103904,1
-0.4288785587647644,0.3511512610332556,1
-0.402714489061074,2.1013094540518473,1
-1.3664962818381652,-1.0639464085300754,1
-0.4654692084933054,-0.18981810200668123,1
1.4793072346828844,0.3390055186648513,0
2.555217091786859,0.7550526224076167,0
-1.4968283384519674,0.6685174638789588,1
0.8842829763822124,-0.3484005601060084,0
-2.6318485199302604,-0.8202189793515204,1
0.07464287174933457,0.6774141558935759,0
-3.127841027878552,-0.6087667390315046,1
1.623939459414818,-0.93617003413311,0
-2.525961203472496,0.3292276398624953,1
-1.6399576929117508,1.24675957386768,1
3.320054278279965,0.161327465128916,0
0.9178240354935718,-1.2801975184240109,0
-2.073214903107116,-0.37278583285051103,1
-0.7708595548024243,-0.24308380636330204,1
1.2356613772184581,2.463061338340703,0
2.6924048246351826,1.188882950520776,0
-4.359049218046326,1.4141864087541542,1
0.7063190871463308,-0.8632835606332191,0
-1.1534747066212263,1.1083839014041665,1
-1.3254980110130763,-0.03713615681576064,1
1.1485669357371713,-0.8287591653885737,0
-2.9982477207633953,-1.3051293165629345,1
-2.377737300626974,-0.5379289051828645,1
0.2199054807695957,-1.0671250819468039,1
-3.8803149243026116,-1.8842751600915786,1
-4.091341939716035,-0.45869722726263007,1
1.5314519740907253,-0.01747526866694897,0
-0.8840970669004756,0.5972931674368602,1
0.7497195198126683,-0.3222021002475752,0
0.6491729748006727,0.9161703684934871,0
-1.6842072502752077,0.5742358657174009,1
3.024202508108959,0.009027032934520018,0
-1.541690324478268,-0.6291082836146606,1
0.08117554444924505,0.7093847909710391,0
0.6880623784088005,-1.6678243692906218,0
0.9363781480806953,0.2181294036538074,0
-2.6810389828469576,-2.2069999817616877,1
-1.2863462639886838,-1.1916209470230081,1
1.6780766367750921,0.11943970503023388,0
1.3618271813152523,-0.10742680704025569,0
0.39842020143316503,-1.6180891598883773,0
1.0733252525161519,-1.9401586198318348,0
3.640206535098936,-0.6146769758288215,0
0.6342474541635921,0.06113120234683067,0
1.1340060008703892,-0.38775749448261704,0
0.6154670328247096,1.2286807790522911,0
1.2803332635556632,2.1952348006838145,0
-2.941060333636104,-1.5123625918485841,1
1.3711753560719726,2.248918783946595,0
1.2964780788063641,-0.00987374092971035,0
1.4245654238264105,0.7204356438236993,0
-4.889977376827794,-1.1923521777225186,1
-3.5827751809559545,-2.1399679973636014,1
-3.9366775052503695,0.8321319228275925,1
0.020543457626448797,0.894012216538847,0
-0.46757167875183664,0.1743248597208387,1
1.5123981081382338,1.1852962299711727,0
1.9158328843206816,0.23491280038553874,0
-0.02135122255794047,0.9243922047760714,0
0.35745797270864005,-0.19812203299766445,0
-3.000452844785598,0.28262743164569315,1
1.2544445839780571,0.056668974787429806,0
-1.2628512596055006,-2.0075636451601584,1
1.4310905264804559,0.17873867345917385,0
1.9844405669635519,0.6700976833032392,0
-2.6382617667744532,0.41240011236496227,1
1.5971896695783179,2.0742496082023454,0
-1.1415457103724662,1.418700385764708,1
0.016671155187330054,-2.3868681201664557,1
-1.1002194308855735,-0.9516391291798556,1
-2.7090437731578456,3.2542653526465117,1
1.5844504848701895,0.11761046521572786,0
-4.0111723814796445,-2.622552171392359,1
-2.2189460183333227,0.9715607247114932,1
1.3903892922135042,-0.05382142989821444,0
2.496362326448808,-0.3982960794917171,0
1.3113233824384045,0.8703229110322739,0
1.3353669908462134,0.5021356668304671,0
1.2182509767024812,-0.18908624631943904,0
-0.2699908488834543,-1.662598459497427,1
2.114477183315729,-1.4610314414564618,0
-1.513644784360752,-0.211692431133464,1
0.2179611346814011,-0.1659603879414689,0
2.0296537342240613,0.4514231065770691,0
0.937163008451375,1.3992884771637468,0
1.755859752367687,-1.7877039325957684,0
3.682872365034032,0.19000449750151305,0
-1.9779649124604757,1.3086303440743245,1
0.8150489783419504,-0.4278454555542063,0
-1.0936838067793004,-1.0210783325498394,1
1.9156056330929931,-1.7179422922431764,0
-0.07418540526780773,-0.4664049487781143,0
-1.6993912105300613,1.7701114117043477,1
1.1321358896642244,-1.1130548950106105,0
3.0708290210230955,0.3556395794324474,0
1.678989977678652,-3.3235941478567503,0
4.163065966893176,-0.35174235059430065,0
1.132730341271852,0.5734966272543897,0
2.460430044390621,-0.3611047826982376,0
2.196158675267576,-1.8827565046061234,0
-0.36772767452464394,-0.44368995662481353,0
-2.962583296386549,-0.5921418359673843,1
0.5716077781748515,-0.46647498943535104,0
-4.00525324954811,0.0333546191130513,1
1.1870560893243123,0.12977115151363403,0
-0.9859404119861157,1.468543564243133,1
-2.7905780773016193,0.3515123477698976,1
1.6773403365375432,0.7562333430002608,0
2.0081988175942214,-1.7157740570895392,0
-0.3351450365577066,0.6263529035131417,1
-1.0160313142322401,1.015957312542954,1
0.578287992278753,-1.328310385635208,0
-0.043976583563110995,-1.0207244115297616,0
0.6797206635022601,0.02731981405579753,0
1.3238181715825257,0.6797065923077958,0
-1.3577031162909992,-1.4983349746829264,1
-4.5308982053308755,1.442968277052447,1
1.9261507626938537,2.7361585024965054,0
3.3543452035661474,-0.5898125270175957,0
-2.2711444458129453,1.2469626703239023,1
0.9924153072889778,-1.13649735028357,0
0.2543957686917578,0.9080941145468989,0
1.5748220449690138,-1.1783778861259597,0
-0.02991010923656433,-0.9291137213635653,0
-2.0385868624786663,2.2524084948213896,1
-0.28567163233690096,-1.1811533803848842,1
-0.5086465760783713,1.8166620051670226,0
-0.5576888952143835,-0.41075667979647806,0
3.271181276407723,0.8318736661540552,0
2.37539773968303,0.13862488379139234,0
0.8534885888065304,-1.8905678125196386,0
-1.7016778246932283,-0.5848756164838879,1
-1.348040974812811,-0.5176511689855148,1
0.699948984994084,0.18575707507031608,0
-0.35292106903701964,0.09701236994413262,1
-0.9071092577160171,0.8966497725281124,1
-0.36127432500423773,-0.7803503623313063,1
0.515598931892753,-0.44260778727088534,0
3.192562815613874,-0.6968375054382818,0
-1.6747245720150588,-0.1747988252405456,1
1.237298757058136,1.2501129985072694,0
-0.6240587076198473,-0.7640873903730625,1
2.523488551838622,0.325819003631126,0
1.8728204036355847,0.9610472858840118,0
-1.6098272249803316,-1.66774443901903,1
-2.633133972246821,-1.490457340490949,1
-0.14490787238225156,-0.008366507152490113,1
-0.3346223287987364,0.6378181123756,0
-1.4211668250032405,0.4504857688546813,1
-0.5439429907367227,-0.815506676311942,0
-1.4246542432866194,1.6306505323944622,1
0.03293493076306241,-2.9274540061075904,0
2.0561639428246807,0.49368792745323903,0
-0.8622545299325741,0.315660914870117,1
2.661374272393226,-0.4605724633783899,0
-2.637847683272666,0.5812219250370658,1
-0.9903109059230463,-1.0994695506596897,1
-1.5757364866807915,-0.5242832038345766,1
-0.9260155415267791,2.4311956682414144,1
1.561124064942771,-0.47255495493515376,0
-0.34557276269113063,-0.962756387072156,0
-2.6516624870064653,-0.04623230053004112,1
3.319291376368732,-0.9947729332707785,0
1.3543397197474727,-0.2813238937497892,0
2.0929260195640444,-0.7958411230396232,0
0.855578404190812,0.17665939238287323,0
-0.28743355191179604,-1.0164125966525779,1
0.013875840693602915,-0.5442940362228786,0
0.2704016431637138,1.7123543679747082,0
-0.05534431708586054,-1.2356615590286786,0
0.4270622812029503,1.9039208684986761,0
-2.4849749585470122,-0.9670179847548217,1
0.7703698249043017,-1.3313167631582397,0
2.060467584918036,0.12165853377157851,0
-2.3069766454989975,-0.39230717874724763,1
-0.3880184508725889,1.1024946253195185,1
0.0889809946196579,-1.1626893350379568,0
0.8830075605697141,1.5531179422532486,0
-0.9865830828984509,-0.20723974541898696,1
-0.07271460860302643,-0.125900303689967,0
-2.8031231183392418,1.1257363750585045,1
-3.8734946515587376,1.411920513174038,1
-2.2822120317973216,0.5542896510313366,1
-2.0788312314338233,0.7780582551187025,1
0.6669607969820118,0.9671562075824938,0
3.115363695191051,1.9377396139134548,0
-2.0359143703505893,1.103145912494506,1
-1.1234011501450718,-0.1257326314284242,1
6.035181231938797,-3.10736139703755,0
-1.5142018754347049,0.5321793524006555,1
-2.9853162764060244,-0.4110170461663205,1
0.9298700776504721,-2.274528353387218,0
-2.3130452603343183,0.21844943214085702,1
-1.3917013304099284,-0.2342974590666212,1
0.9636489204164693,-0.8053117818560325,0
-3.2810916208335756,-0.3911551716145092,1
2.779692613628206,0.449593843032757,0
-2.258801766882645,1.2042218718488966,1
-0.13520079167797927,0.0741282829458726,0
-0.5674798358660986,0.9992417804796476,1
1.8297839383560195,-1.2291774900368033,0
-1.828592725322587,0.2806700124855275,1
2.235863745759041,0.9388202031489459,0
2.4003137664786727,-0.5818739094988186,0
1.5231344097310286,-1.0412238455475478,0
-2.1825581695647536,0.7150332530267963,1
1.7429746528006074,-0.11657771508402456,0
0.8763470819993698,-0.42659343461042093,0
3.8868258441260286,-1.5711667769600968,0
-0.8807587740235616,1.496980215272418,1
1.607168491460765,0.15783374381008683,0
0.009567414928787732,1.6116982693083228,0
-0.4555702591489972,-0.19303912616576846,0
-0.6094444423026772,-0.8348223813195617,1
-0.0039330221451160975,1.3667021201416212,0
0.9340179179873761,0.4532981729259033,0
-1.1359766154255848,-1.7417562635549666,1
-1.091717767661583,-2.008166607788913,1
-0.8064861127946624,-1.6592183085798655,1
2.1261024819403733,-1.6080573755005667,0
3.488707479339333,1.2180526117841408,0
0.37000510433460604,-0.8167699208496451,0
-2.036378593503475,0.49973968153539833,1
-0.174437799020204,0.6080227168788417,1
-2.499836445923629,2.3111207922318493,1
2.753157523847695,-0.541825559748579,0
1.821166063986572,-0.6692214423605818,0
-2.3526828574256546,-0.42961418219993774,1
-0.25554305426723867,-1.684119329288952,0
-2.815784719058143,-0.7398542344291474,1
-3.4888735489193414,0.35985881019257226,1
-3.063290432207273,-0.08783753863604567,1
-3.129072665716271,0.6247897844890105,1
-0.05151749287240832,0.4340854437490684,0
-2.2552325876680004,1.8554371374894418,1
0.3978767514415604,-0.8576854371181638,0
-0.4641317374282185,0.4352770282383471,1
1.2052568973383992,-3.22110373397826,0
-3.196219038230272,0.9078416724280264,1
-0.7143200318385924,2.0036682710291625,1
1.9505826760634413,-0.5639855479518004,0
1.4514186841058763,0.5270761011041445,0
-1.2673147295750407,1.773468643208119,1
0.7804915800179537,0.6526608725468485,0
1.5897866942555554,0.4018496947272526,0
2.4130073339501026,-1.2158395857216269,0
-0.9120917756381254,1.5825565574375062,1
2.626887685142053,-3.020158340690066,0
-2.687086241695872,1.5871299819584268,1
-0.5161818495155556,1.495348643444496,1
-2.557557266079917,0.8791575164464863,1
-4.181108470777774,-0.5520010527540009,1
0.8183707759301149,-0.07093872945895764,0
-3.18163067946544,-1.1969972372099338,1
-1.2396189200811665,-0.12564554032475228,1
1.821386755913348,0.27322205740210653,0
2.0856150652102343,-0.13552251143094093,0
0.0467473168682159,-1.1046083007674456,1
1.9301810262272232,1.7521617302501833,0
-1.8431726292256447,0.3836180288845591,1
-0.2783924012493615,-1.381231412958924,1
1.270986176276711,1.241846316446779,0
-1.292952507944532,0.052300012575965706,1
1.145801001825596,-2.3342642704775676,0
3.4030005354662505,-0.06049662617663735,0
-0.5353313422287633,-0.7570245640533099,1
1.114703301357567,1.4927371685894255,0
0.530912606465019,-0.3497247192461569,0
-3.1867535930956805,-2.9082111649754445,1
-0.6342592415017526,-0.8563915805799254,1
0.638206219454505,-1.8954484512552634,0
0.47028376343079015,-0.6721894177638561,0
-0.17423964144039183,0.0032986258755228434,1
1.5082798163361304,0.17700250830725153,0
4.223233132161294,1.668140362298312,0
-0.30898228704550484,0.408373278138308,1
-5.308339844186322,-0.18449304900447175,1
1.3832266559309871,-1.8688696913451588,0
-0.3005066200174589,-2.2541762291567435,0
-1.6868243859698335,-1.203453660035076,1
-0.4968838572672091,-0.4635084446873506,1
0.4748146625117259,-1.0236525549909923,0
-1.0739736895143175,0.43312610516550104,1
-0.5061608471455538,1.4826596957688685,0
1.8590783045014105,-0.13319569113914295,0
0.21333100756953294,0.16648066993542146,0
-1.0440309082855483,1.0159044723546196,1
2.421875252238706,-2.6974993870198594,0
-4.503920025764286,-2.047129139030816,1
1.8642366563999555,0.5923113312023517,0
-0.25331110143272195,-2.5480856976825708,0
-0.49977428594115914,-1.7026338475028868,0
0.43370673610258603,-0.537958139832134,0
0.8493614633282748,0.4413384690372345,0
-0.09614853886099445,0.5630917045427495,0
4.784556384905559,-1.5815361209539307,0
1.297762285787386,-1.3668918637367033,0
-3.753440219742991,1.7071750896216695,1
-1.48336642509719,2.7409272548258414,1
1.9180174677875466,-0.17196831633719084,0
-3.2224490416968874,-0.984302531182488,1
-0.4688909706882345,0.9405093333339756,1
-1.8198427016832492,2.2877499317133214,1
-2.401778498146375,2.8287479296174975,1
-6.191469429278241,0.7075077987416056,1
-2.3210956858676317,0.16185767986024444,1
-1.3967152226820436,4.586570078070273,1
-0.6623546316367404,2.896622764926103,1
0.011885711261345005,1.3164274890257175,0
0.03138342986923278,1.2045440955144842,0
0.44618381576432675,1.6684232774832295,0
2.982492892550133,0.783557175959829,0
-2.3779205746641248,-2.0101745150256516,1
-1.3427640223023163,-1.00921558746254,1
-1.8595942936588519,0.6701074700671938,1
-2.3172511227232206,-2.820742906629352,1
2.1414243133819015,1.9376721875390057,0
0.09858185702531785,-2.0800725513768348,0
-2.0153910491844043,-2.571125887547614,1
0.7293741397785555,0.8668087622773871,0
0.9899911313696695,-0.17348294264374522,0
0.5792262484353516,0.9144869327561415,0
-1.5038206477962155,-1.9082184267110855,1
-0.4184021641771438,0.34845574820996644,1
-0.5454018278538887,-0.6116844673160973,1
-3.2831204857745386,1.1205581122941526,1
-1.3519379776008291,-3.003013116515236,1
-2.8216670626807843,2.7535618358858835,1
3.6320018995758243,2.4564165759877308,0
1.5278516179319381,-0.09245485715389587,0
-0.4875508752370975,1.579928018608322,1
1.560783502372625,-0.3580532648212637,0
1.7672794678318822,1.6414456379332443,0
-0.48320429085530925,2.5267718035347233,1
-0.16791721878665938,0.6360689157576248,0
-1.15315529849367,-0.016780248111401472,1
3.557934862603616,1.5765239309747006,0
2.003793351242435,-1.2715131488699254,0
1.069492303450027,0.1230214648998287,0
-1.0551743118218893,0.031647157330159215,1
-2.5061654597537655,2.4312088782716548,1
-4.087509465891382,-1.2590232047625638,1
-0.9210808103797771,3.056449795862053,1
-1.2500927567370075,0.08686993076596378,1
-2.4434697058078845,2.5612567912850452,1
4.933432037896294,-0.43879976398694887,0
2.6610263842983346,-0.264837187148926,0
1.7372214814429663,-2.514923697927671,0
3.491401330858519,-2.837583372321801,0
1.0800820952379973,1.8498428755468779,0
-0.2958678561326521,-0.21943178034509228,1
-2.3125138815262676,0.8978899138009675,1
0.6948891043039198,0.11554208612865137,0
2.073903127472821,2.9797115476971774,0
-1.1841115033640477,-0.11219915661648375,1
1.2711641418030906,0.9694808107242627,0
0.7452427130435503,-0.8156061120953675,0
0.9784352069479241,-0.6374138047077308,0
1.6980230678712824,0.5944549017880039,0
2.7713479458398016,0.002685267616998084,0
-2.8537152184884635,-0.6275599978404816,1
2.818982982169475,-0.09199255749478799,0
2.584643181819935,1.1670023611939364,0
-1.933766839568051,-0.9902055323025456,1
-3.745272487017034,-2.307320792822351,1
-1.0856992057950625,-0.9356645038358272,1
-0.267654771580528,-1.673496197331317,0
-1.7513283981275758,-0.9441591968731498,1
-4.736623276539433,1.7443130301019751,1
1.1794795895944707,1.3307626184237424,0
-0.2059195542407611,0.9255872977047983,0
-1.6378480214353448,0.9116450093754415,1
-1.1345840879363984,0.14731175123809162,1
0.4106783532858854,0.2759597759580149,0
2.054363389119783,-0.8432125094270259,0
-2.8031535082076116,-2.368385566188469,1
-0.3373747401554904,0.42083875606588406,1
-0.8487831029919483,-1.5422276658212954,1
1.0948294214047123,-0.8786111790213796,0
-0.3299517346801043,-0.25333907166138986,1
-0.5640116337571771,-0.5925984701916787,1
-2.2886362728398635,0.5884510186259857,1
1.166049207869365,-2.765061929378039,0
0.21855268787182344,-1.8061103654420616,0
-4.156937230000149,0.7775831124533685,1
-0.713884886446248,2.4954133750305165,1
-2.609262786338683,0.7274365160855216,1
2.511618186208759,-2.1136985415511105,0
0.12931019842931468,-1.9655298129824317,0
0.02921222033810128,-0.2340969674655117,0
-1.9226393075316592,-4.114955025548272,1
-1.94998210021455,-0.1928676673500477,1
-0.950661057352022,-0.6495094352379345,1
2.256009390436915,-0.1406531325938756,0
1.0696065387749245,0.6721249461238795,0
2.778378829102519,0.7866971065871223,0
2.7514513341067346,-1.365814590448848,0
0.886445551378149,1.529888158741805,0
-1.4562053896498866,1.0510194163223798,1
-3.003633197545287,0.8755910174900187,1
1.9576258577443282,0.0469462491272669,0
2.4951700488160258,0.7136926103729189,0
-1.5842472027488221,2.2910105767564026,1
-0.5909734578843079,-0.7206807264274752,1
-0.12825036449772947,-2.6868498123424374,0
-3.3539427818177097,-0.4259060525383678,1
1.110960075274061,1.6397322964935983,0
1.0262959631627624,0.015096715329705898,0
0.5773605641135003,1.65605468073083,0
0.8472070353478771,0.9607219904398375,0
-1.3526291185222243,0.14578101978702662,1
1.7875490297278205,-1.0195646693735443,0
2.281730927909815,-1.9561578480912316,0
-0.256203358219434,-1.891740258790682,0
-4.589734723798349,-0.21209271110403716,1
2.1712575193023436,1.957086990989883,0
-1.4804291542015082,-1.0400123809222002,1
-2.887438663912517,-0.31446306695395665,1
-1.2790418463388515,-0.1234643871546719,1
1.9701909949135177,-0.8870564084398738,0
2.493137367460566,-0.4087670530417922,0
-0.7068721540497772,0.1432048178350907,1
-3.4611935481473775,1.6887046142316677,1
-3.526971657616064,2.886833317736648,1
0.0715902737466429,3.638082187158881,1
-0.09824904644755626,0.24299445323237642,0
2.790460643040071,-0.5390765645975867,0
0.6976282185722487,1.2384210172449366,0
0.8816111002092445,-0.03519908882619537,0
-0.02956838296585286,0.5421887562836901,0
1.2821721512426747,2.0359792490854702,0
1.6209915925445688,-0.8283749443082009,0
-2.278920714827599,-0.5120462844652973,1
-0.5463687558617822,1.2540637005884328,1
-3.7623907936551633,-1.0193735201903031,1
1.954262766072648,0.1810042376138054,0
-3.261628830545601,-2.255135214056446,1
-0.19775199823992365,0.4147414717210108,1
-1.3610903916034869,1.5537371771736845,1
-1.184880996397332,-0.11123041579721747,1
-0.07735072151339864,-1.7616462245467008,0
-0.5689238038855898,-1.0968946674949225,1
5.416586868925383,-0.3074747025514449,0
-1.4809751237343232,-2.2379076039457746,1
0.8194380918493476,1.1862951733776657,0
-0.6800645359736401,2.6421599504133986,1
0.5540364122542184,-0.4506997333637628,0
-2.2378277092181773,-0.8381670690365166,1
2.7301187693480253,1.675405346591326,0
0.01667574186440127,3.1661216697200603,1
0.2541476294747142,-0.974952491661945,0
-2.8284442158274357,1.3966703064892108,1
-0.5497192469982426,-0.3986054719236029,1
0.9390830040041728,0.5516699116087544,0
-0.2659279702579771,0.8383860896481605,1
-2.318911118547676,-0.5580625096596508,1
-0.6602136162990453,0.9338137398966522,1
3.168868376917554,0.5548778701077317,0
1.737822583519845,0.6058934812571078,0
2.177383875590801,-0.5865260765892304,0
-2.7847745503957513,1.4392386571546176,1
0.11246847813826369,-1.3730257086162758,0
1.1105397242362625,1.7973056799057814,0
2.2377694980553526,-1.674188579345346,0
1.57713031441286,-0.8175639819468795,0
-1.421029835555673,-1.7998936288086764,1
0.0230330154788239,0.3635622692421271,0
0.5122208214969631,-0.1404239839083705,0
2.4227624019644343,0.5782575863520288,0
-1.1130034775234872,0.5919226273720599,1
-0.06959124622149605,-0.2185142207601524,0
0.6106189352745703,-1.0355871189613628,0
0.6035982314015618,-1.274620219419693,1
0.20469451449763496,2.5986035971969774,0
-1.4115277049231707,2.4443207005184733,1
0.8368076722942182,-0.4277769240658914,0
2.2088223795167234,0.7414203938569308,0
-2.842703170735308,-2.350826777695972,1
1.142109988524101,0.8487716445801686,0
-2.4182321746235167,2.092763815336087,1
2.126123413372608,-0.4148511903153734,0
-0.1287562265430166,-0.5227472980749733,0
-0.34371010693495685,-0.8202934426663908,0
0.39157468631164755,0.8018202311625823,0
-1.433897449929233,2.192993121236811,1
-2.1534002806377086,0.8590977337312613,1
-0.30065542774511694,0.6920045762142429,1
2.2701408976267503,-0.2348529429230784,0
0.7814551590941259,-2.4865503955895236,0
-3.0016819450464323,-1.3473748057822352,1
3.9308449024988583,-1.272258142630573,0
-3.3144571761853054,1.2939371513254765,1
-1.7222906952804633,-0.7454195777264967,1
1.663759317142114,-1.3061160455042458,0
1.3913200033088462,-0.9667573166212138,0
1.1372895315462512,-1.1140165525945382,0
-0.041610207289557596,-0.13313969039752688,0
-2.337151381765929,-0.5813722937990582,1
2.98421607061947,0.35313161725132813,0
-3.837761619073773,-0.8926367781856827,1
2.5447917144989165,-1.5774655501267039,0
-0.870900570870921,-0.24190252588202577,1
3.0048316217527917,-1.1676040900352112,0
-2.018332207325971,0.7973321309398749,1
-1.7571331940759265,0.5589013220021167,1
1.2222343002987792,-1.2491666590393087,0
-3.5933925001626474,-0.9052098832743972,1
1.1296336683280204,-0.4144264172278657,0
3.4613976479348025,-0.38776464552220397,0
3.011470757170601,-0.09822706469919677,0
-0.03223891736379738,-0.24687345024535493,0
0.889762792198025,-3.230092258736208,0
-2.3470818836718994,1.7206064465576005,1
2.0537626503437774,0.4597261109479185,0
1.803061790180084,-0.3661056049614912,0
-1.0879516680249315,-1.2313043304653994,1
0.10055488219916892,0.5287297560203968,0
-1.036949877074667,0.20360120669205906,1
1.235161142336214,0.0558803942858288,0
-4.966874138200048,1.5973950035533133,1
-1.555422776165558,-0.36532436750180947,1
0.6819532732019434,0.16675956770481706,0
1.2780451609726076,0.9898406172386253,0
1.6622946083928665,1.2543524519531835,0
0.39558170262816944,1.4983872445135424,0
1.2183792758459409,-1.2864237037254407,0
0.9385033979128651,0.0005184479842464503,0
0.5871487457789815,1.5225206196552954,0
4.516286421251015,-1.7474787014199065,0
-0.460026888152255,2.0216563401685224,1
1.4818570055864626,0.4569267017877628,0
-2.787777744926322,-1.9031492727354458,1
0.4399395864995276,0.9469209963032639,0
1.3308693179547288,-0.2619738184938879,0
5.880460319866996,1.5102993846874648,0
4.703993483606034,0.5044342862594469,0
-1.1029704712047714,-3.3734437292872608,1
1.3768105054020026,2.158800956208313,0
0.06859028837381705,-0.8546315213751146,0
-3.494539269338827,-0.08800746677517468,1
4.554723000002603e-05,-2.5290761241607838,0
0.30411397547091934,0.6170963785584426,0
1.231347158856952,1.624465010016092,0
1.7160867157781934,-1.384159827467191,0
0.2872605338452679,-0.18778512310028309,0
-0.16117114135768737,-1.074046793554636,0
1.6424396513505886,1.3531222314250655,0
-1.441487265736443,-3.104703290676744,1
1.2077972729273772,-0.508436706892991,0
1.137879943114142,1.2055235073757615,0
-0.5656609106768564,1.0886917949343258,1
0.9279977408392308,2.3281299364457353,0
0.6437449253132991,-0.6359795795299927,0
1.1259094653980781,-0.5111193542459443,0
2.591534722312987,1.2971684228435916,0
0.7748211040515629,-1.3029003884443529,0
0.5048186036247512,-0.7136175444721456,0
-0.7420863261086413,1.8691036657994613,1
-2.325930755898068,-1.614995393390844,1
-3.428252052712228,0.9298993992991296,1
-1.7119389734611665,1.310941002880852,1
-1.377153435853873,-3.1801874178241536,1
-2.696266738315928,1.091699811285399,1
-1.1610327367203144,-0.8389179912771652,1
-3.08206656569303,1.2728282676141922,1
-3.1311856131399747,0.633824055426906,1
-1.4078515189269938,-0.05613771100280649,1
-2.9997739855505476,1.760874382665467,1
2.070843836454896,0.5074334367057258,0
-2.1508693975998954,-0.6075866470673452,1
-3.0350484256671257,-1.9709161751701698,1
-1.3600308179126053,-1.2028871664249732,1
0.7577370957421536,-0.9486890438151636,0
-1.7516367284321017,0.45300362771947306,1
-3.8700444792371407,0.48208427783880275,1
-1.4153911030617505,1.7925753452947781,1
1.9785490738205882,-2.3327329432733634,0
1.3889484336540452,2.1754144481342794,0
-2.232996414355496,-0.7079537394847418,1
2.2259017936306966,-1.6099345297460386,0
2.5700154391360623,3.4226577660865614,0
-2.645160217092287,2.6516215750874967,1
4.1797225810160805,0.12598981534174725,0
-0.5260022735071495,-0.1673133803193235,1
-1.490005842860282,0.5413260168299847,1
0.6116316112764065,-1.4238532877639227,0
1.6519109015630467,-1.6964789225505665,0
-0.26968900985609623,1.1634199877007372,1
0.2866868495898178,1.3713518261483029,0
1.5229408872699428,-0.2720347658717946,0
2.9013239315043737,0.5590563135476173,0
1.2888908295246262,1.5583691913658493,0
-2.440922074598977,2.156131381281838,1
0.0039113774260142705,-1.500065157727995,0
2.823746769249083,1.0844181052110329,0
-3.4366179436615405,-2.147953750649095,1
1.1282282052215533,1.8720144265929872,0
1.545608067325972,0.9655362585220788,0
0.7942325442757843,0.7167347229555422,0
-0.3580931105579822,0.8250200395657366,1
0.5819662612864274,-1.1264182551783788,0
-1.0287025140408446,0.4530405528649867,1
0.6582503407562047,-3.0212039734133764,0
0.7892526956020043,1.1793865751030528,0
0.08894924493265641,0.8269120251454731,0
-2.0980033755979113,-1.5692131031012315,1
-0.33875497399220317,1.7974769366677832,1
-1.800099473238725,-0.5809778218421109,1
-1.2765001535771028,-0.41988096410567977,1
1.3895018778320298,-0.5286308500712098,0
-0.8378769921109562,-0.03980134043004335,1
6.1369066557125835,-3.1418111691272324,0
0.5736981893443387,-0.39219140231587196,0
-0.5111483389718596,-1.3491085260096138,0
-1.9376648933966611,1.9786559529622216,1
-1.2932698252475727,0.14797369079210168,1
1.6064669805473863,-1.1615302889687373,0
-4.31874289819609,-2.506213256238439,1
-1.200865167431831,0.6489562232567723,1
2.9322430364638863,-0.006969556069771888,0
-1.73158859597768,0.31175918727600516,1
0.42258161420818074,-0.03096143199287839,0
-4.470299834076373,0.199893799113139,1
0.073644916830488,-1.0256420725872932,0
-0.7220567015645324,1.515764853048085,1
2.441065081778209,0.41994888727166385,0
1.7272763578772974,-2.120923533844493,0
-1.7674147597308405,-0.8717135149959779,1
-2.2178996329829728,-0.9544995864259599,1
-0.6603557322207366,1.6865026083103414,1
-0.8956896375823193,-0.05261435722240228,1
-0.01156246485063326,-1.3438046365392546,1
-2.9419980995880786,2.2032636559072083,1
-0.5866488242244102,1.6270331154320037,1
-1.1985255405193216,-0.5578835989492543,1
-2.312755869422383,1.267760102606279,1
-0.3540693424798504,0.8618145168443845,1
2.6669806515568752,-1.0074808390581351,0
-0.8125906051191064,1.3791981240195035,1
2.59811564353693,0.8240888774414746,0
-2.917490155893612,0.7379825694478775,1
3.0255205706440425,-0.5384201694037435,0
2.009964177305406,-0.41324915140540275,0
-1.0947376715566028,-0.9218022091583684,1
-4.776868710612027,-0.8297721825277128,1
-4.040139894513811,1.179910520502177,1
2.9831976099025224,-1.3448051116557425,0
-1.75491599533493,-0.033113174840093657,1
-0.476771537878714,2.336532836003075,1
-2.8423472820511817,0.6310092209714235,1
1.2584675491534298,-0.11686598586560877,0
-2.4151755346691783,-0.7013692716616472,1
2.7383003041881606,1.1394382781427603,0
1.3528739812765407,0.9162871129938517,0
4.247511304441688,-1.1660716618235354,0
-0.11387509302061274,1.2692521869003492,1
-1.0279765647627594,-2.3988875546210195,1
0.38774375897039265,0.09288160682334107,0
-1.9441962602381486,0.8896000830725207,1
1.8652373649977894,-0.6474389266331151,0
1.320953598221792,-0.17647500209345984,0
-0.6001041772846576,-1.751755250803135,1
1.7669967916050129,0.05861317151883152,0
-1.4259226419693534,0.16736304484812706,1
1.2315324342292757,0.3575552428281196,0
-1.7241413327087811,0.37716542345455434,1
-2.2925395399397646,-0.4984471501361541,1
-0.799483493970965,1.5392737748474332,1
-0.6743401900559052,-1.4810698658997605,1
1.5808411923528762,0.1723732828737175,0
1.192478810745103,-2.1663278694028425,0
-0.9420886215207631,0.5027754886278584,1
2.851175881680569,-0.31357328237421334,0
-3.6431033418769427,-1.0141724078026726,1
0.2246179983549072,-0.008714014144080934,0
-3.259706961231636,0.6391874446454656,1
-2.7628061682986504,0.595140998323864,1
0.803529425668606,0.15437452353262265,0
3.3668937202716425,-0.10694059086174063,0
3.5756277825942644,-0.3389227985256461,0
1.6014623542063575,1.450900429298556,0
0.4985838161978791,0.9703813874915054,0
1.5097852065926787,1.5146520617363648,0
-3.1672864472167914,-0.2549387288105434,1
1.3696241719964972,0.15316392079570543,0
-2.5358883095023383,2.1729155078633084,1
-1.895223671408086,-0.4965301205650918,1
3.2248018373634446,1.3726050732643638,0
-3.0819630017389352,2.214115174985189,1
0.8100301739144875,1.3901696647169106,0
-0.45338984576337554,-0.34800082455806514,1
-0.24309436277327134,1.1670343397439087,0
3.510360264898326,-0.2981916382218434,0
3.362363959197358,2.0564525834262763,0
0.5160423682399445,0.9060784353246008,0
3.133899656935528,0.956929463186772,0
-1.0870997839416014,-0.7728939130035615,1
0.16874743890549793,2.92860284731376,0
1.3630168982436737,-1.7674500206507424,0
2.4526297113918445,-0.04380688994907199,0
1.0652758628068724,-0.9385463243418793,0
-0.806972766775,0.8669189219133917,1
2.16405968887505,-0.6523552678433097,0
1.921946241410201,-0.24542500319606728,0
-1.2895233435705147,2.90545070848825,1
-0.7675103876999924,-0.3745627909844449,1
2.4997043277130486,-0.12028211895403262,0
-0.3538392749499145,-0.22343081510721505,1
-0.9606998461509695,0.7629738330118795,1
-1.3954785947299677,-1.1188319382609313,1
0.1662069416663604,-1.353919331059586,0
-3.264373519055335,-1.0259402666384678,1
2.1455746132187126,0.23008645746127435,0
-0.5042981569257801,1.5613650389521134,1
0.22536130650378103,2.4316170184526555,1
1.2698919226287484,-0.7179423640628022,0
1.362821841712062,-0.8100998259352935,0
-4.33783746876754,-2.053768841744697,1
0.6806171214549724,-0.5599973030347105,0
1.2504671971241947,0.5800162790988485,0
3.3429841189111533,0.9751737126865,0
-0.6546498548568578,1.1384043676912479,1
-0.31279940569317416,0.6364888514529121,1
-1.2257809682717757,-0.31390226704896296,1
1.9896998852451262,1.887355595718042,0
-4.558459307073333,-1.0217977270310903,1
-1.207681490004838,1.655333512264028,1
-1.377330520876385,1.305270656840306,1
5.237736459569574,0.3119789775604932,0
0.28323340626076865,-1.3809319486136924,0
-0.0748067267879019,-1.612507451889625,1
2.0879897290063316,0.7594229260202481,0
1.5118463692756239,0.821676836091997,0
-2.314778749526146,-1.01829376698736,1
-0.6467315874572119,-0.7292658895147511,1
-2.426499406370574,1.369881332943979,1
2.739580441126342,-1.0203943767863521,0
2.331581572322272,-2.0704870906272643,0
1.8831608231329133,-1.6495873316824023,0
1.4554940491144472,0.9644667371909609,0
1.5515347194071867,0.20965581043476306,0
-1.0910178543208107,0.8587788241406362,1
-0.09441179516048631,1.5839923855523086,0
1.4376379685017104,-0.6107687260421315,0
-3.0899795710208653,0.29377921810952085,1
-3.504510694110672,-0.9644282934345387,1
0.3773137264022944,1.394408719847379,0
-4.540477303873374,-0.6581151244393122,1
0.23893462228450207,-2.879427431939433,1
0.24181537505529122,0.05262681948052504,0
0.9208208800246687,-1.5600404639918102,0
-0.8714907363223102,-2.8388279712765514,1
-1.4990702749619782,-1.8245892713516083,1
-0.6070378502357885,-2.223106611486413,1
-0.2430923250691416,-1.3049141545260965,1
0.2638211350235155,-0.2676416746440637,0
-1.5212847827806633,-1.666908116503218,1
2.0931879568411955,1.1408361439557568,0
-0.7845710916230711,1.233086445912337,1
-0.07501867432342994,1.5149524216529666,1
-0.9187187383231427,-1.0664599693813621,1
0.6102066973202643,0.6359670699144349,0
-0.7224110502408579,0.7678078072926936,1
1.578470144743176,1.2727914029748268,0
-1.7096524714008432,-2.434809300319429,1
-2.9856485291582233,-0.04283238744614916,1
-1.7014443314861123,-0.4740470659382234,1
2.978454701632891,-1.140024685796255,0
-1.1466755413446756,0.3375995507994711,1
0.5448351473125859,-0.9063117585542511,0
-2.81955696899577,-0.826190621291562,1
1.3056022324395533,0.5883323625404374,0
2.6463021051269964,-0.45685368550089506,0
-0.023182800212357895,-0.08279105148645913,1
-0.0413982984786564,-0.14507636646116573,0
0.684383167091602,-0.027814780531865754,0
-0.0778856364850958,1.460084186352288,0
-0.3119393817975368,0.6228755715937816,0
2.6648959607644036,-1.9553255081507945,0
-2.0199279365593537,0.3345424160935083,1
-4.634470114167409,0.30015769980928664,1
1.4262754778778435,-2.7655904170423717,0
1.988053351701319,1.466494327171824,0
