¿œΩ√,∆Ú±’±‚ø¬,√÷¥Î«≥º”,∆Ú±’«≥º”
2010-08-01,28.7,8.3,3.4
2010-08-02,25.2,8.7,3.8
2010-08-03,22.1,6.3,2.9
2010-08-04,25.3,6.6,4.2
2010-08-05,27.2,9.1,5.6
2010-08-06,26.8,9.8,8
2010-08-07,27.5,9.1,5
2010-08-08,26.6,5.9,4
2010-08-09,26.9,5.1,3.1
2010-08-10,25.6,10.2,5.5
2010-08-11,24.6,9.4,4.8
2010-08-12,23.7,8.7,2.6
2010-08-13,24.3,10.9,4.6
2010-08-14,25,10.8,4.4
2010-08-15,24.5,16.9,10.3
2010-08-16,26.2,9.8,3.2
2010-08-17,23.9,4.2,1.6
2010-08-18,23.4,4.2,2.1
2010-08-19,24.3,4,1.9
2010-08-20,25.4,5,3.2
2010-08-21,27.8,7.6,4.2
2010-08-22,28.3,5.9,2.5
2010-08-23,28.9,9.3,6.2
2010-08-24,27.5,8.3,3
2010-08-25,24.7,6.8,1.9
2010-08-26,25.8,4.3,2.5
2010-08-27,26.4,2.7,1.6
2010-08-28,26.7,4.6,2.3
2010-08-29,27.3,8.6,4.9
2010-08-30,26.2,10.5,6.2
2010-08-31,26.6,6.8,4.2
2010-09-01,27,5.9,2.6
2010-09-02,25,13,5.3
2010-09-03,24.2,4,1.7
2010-09-04,26.5,4.7,3.2
2010-09-05,27.2,6.1,3.3
2010-09-06,23.1,9.4,4.3
2010-09-07,20.7,12.7,7.6
2010-09-08,19.7,11.1,6.6
2010-09-09,22.2,4.8,2.5
2010-09-10,24.8,11.1,7.2
2010-09-11,22.8,14,3.8
2010-09-12,22.2,4.2,1.8
2010-09-13,20.1,9.2,3.9
2010-09-14,20.8,5,1.6
2010-09-15,21.3,4.9,2.2
2010-09-16,21.9,2.7,1.2
2010-09-17,22.4,3.8,2.2
2010-09-18,23.6,7.1,3
2010-09-19,20.7,9.4,3.5
2010-09-20,20.8,8.5,2.8
2010-09-21,21.9,11.5,3.6
2010-09-22,15.4,11.7,7.9
2010-09-23,16.1,10,5.8
2010-09-24,17.5,6.9,4.1
2010-09-25,16.7,8.4,6.1
2010-09-26,17.7,4,1.8
2010-09-27,18.8,6.8,2.8
2010-09-28,16.8,12.3,5.6
2010-09-29,17,4,2.1
2010-09-30,18.8,4,2.2
2010-10-01,18.7,6.2,3.3
2010-10-02,19.5,6.3,3.2
2010-10-03,20.2,10.6,5.9
2010-10-04,17.3,9.1,5
2010-10-05,15.4,8.7,5.1
2010-10-06,16.3,5.1,3.1
2010-10-07,17.6,5.8,3.4
2010-10-08,17.7,6.5,3.7
2010-10-09,17.3,7.8,2.7
2010-10-10,17.4,5.9,2.6
2010-10-11,18.9,7.7,3.1
2010-10-12,18.9,7.5,2.5
2010-10-13,15.6,7,5
2010-10-14,16,6.7,3.2
2010-10-15,15.4,8.2,2.9
2010-10-16,16.7,7.3,4.5
2010-10-17,16.4,6.7,2.9
2010-10-18,15.6,5.8,2.9
2010-10-19,17.2,4.5,2.1
2010-10-20,14.9,6.2,3.9
2010-10-21,13.9,9.4,6.3
2010-10-22,13.8,6.7,3.9
2010-10-23,15.4,3.6,2
2010-10-24,17.8,5.9,3
2010-10-25,12.1,11.3,6.1
2010-10-26,4.1,13.6,7.1
2010-10-27,6.6,7.5,4
2010-10-28,9.6,6.7,3.5
2010-10-29,10.9,8.7,5.8
2010-10-30,11.6,8.8,6.6
2010-10-31,12.3,9.5,7.2
2010-11-01,12,10.6,5.6
2010-11-02,8.5,8.8,3.5
2010-11-03,9.7,6.3,3.2
2010-11-04,12.6,6.7,2.9
2010-11-05,13.5,6.6,3.2
2010-11-06,14.6,5.4,3.3
2010-11-07,15.2,7.8,2.5
2010-11-08,12,11.4,7.5
2010-11-09,5.5,11.8,3.1
2010-11-10,6.4,4.3,2.2
2010-11-11,11.9,13.2,2.8
2010-11-12,11.6,11.8,6.7
2010-11-13,13.2,7.9,3.5
2010-11-14,11.1,9.2,5
2010-11-15,4.5,10.9,4.1
2010-11-16,7.4,5.1,1.9
2010-11-17,7.7,7.8,3.9
2010-11-18,8.8,6.5,2.7
2010-11-19,11.4,7.7,5.1
2010-11-20,11.6,6.4,2.2
2010-11-21,13.6,8.6,4.3
2010-11-22,11,16.6,8.8
2010-11-23,6.4,8.5,5.2
2010-11-24,8.6,4.6,1.8
2010-11-25,9.8,7.1,3.9
2010-11-26,5.6,9.9,3.9
2010-11-27,7.4,11.2,6.5
2010-11-28,3.9,10.7,4.2
2010-11-29,6.8,10.3,3.7
2010-11-30,11.4,10,5.8
2010-12-01,13.1,8.7,5.1
2010-12-02,12.9,6.3,4.2
2010-12-03,6.7,11.1,5.7
2010-12-04,7.5,7.5,3.7
2010-12-05,12.8,10.9,5.4
2010-12-06,8.3,13.7,5.6
2010-12-07,3.1,13,6.4
2010-12-08,3.2,7.8,3.4
2010-12-09,2.2,10.9,5.9
2010-12-10,7.8,13.7,5.4
2010-12-11,4.8,13.5,5.4
2010-12-12,2.8,4.2,1.8
2010-12-13,7.1,7.3,3.6
2010-12-14,4.1,12.8,5.1
2010-12-15,-2.9,5.8,2.4
2010-12-16,-2.4,4.6,2.1
2010-12-17,1.8,8.7,4.3
2010-12-18,3.3,5.3,2.3
2010-12-19,9,10.5,7.6
2010-12-20,9.2,9.6,2.9
2010-12-21,9.4,9.6,2
2010-12-22,7.7,8.4,5.2
2010-12-23,6.2,7,3.3
2010-12-24,-3.4,11.9,3.7
2010-12-25,-4.5,10.1,5.3
2010-12-26,-2.5,13.4,6.1
2010-12-27,0.5,8.1,4
2010-12-28,3.6,8.9,4.6
2010-12-29,1,7.1,2.5
2010-12-30,-0.9,8.4,4.3
2010-12-31,-1.9,12,7.8
2011-01-01,0.8,19,11.1
2011-01-02,0.1,8.5,6
2011-01-03,-0.3,10.2,6.5
2011-01-04,1.7,6.8,3.1
2011-01-05,1.2,6.9,4.1
2011-01-06,-2.3,11.5,5.9
2011-01-07,-0.4,6.7,2.4
2011-01-08,2.4,7.6,3.3
2011-01-09,-1.5,14,5.4
2011-01-10,-1.7,6.5,2.6
2011-01-11,-0.1,6.6,2.4
2011-01-12,-3,7.2,3.2
2011-01-13,-0.9,5.2,2.3
2011-01-14,1,7.3,3.1
2011-01-15,-4.8,10.4,5.6
2011-01-16,-4.9,10.5,5.6
2011-01-17,-0.5,9.3,3.6
2011-01-18,-0.8,7.4,3
2011-01-19,-1.7,9.1,2.9
2011-01-20,-2.7,5.7,2.5
2011-01-21,-0.2,5.1,2
2011-01-22,-0.5,4.9,2
2011-01-23,0.7,8.7,3.2
2011-01-24,-1.8,8.2,4.6
2011-01-25,-1.9,10.1,4
2011-01-26,-3,8.6,3.8
2011-01-27,-2.7,6.1,2.8
2011-01-28,-1.8,3.8,1.7
2011-01-29,-4,8.5,3.2
2011-01-30,-6.2,4.7,1.9
2011-01-31,-2.3,7.3,3.3
2011-02-01,3.1,4.9,2
2011-02-02,4.5,5.3,2.5
2011-02-03,5.4,4.5,2.4
2011-02-04,5.3,9.1,3.5
2011-02-05,3.8,6.5,2.4
2011-02-06,5.5,10,4.6
2011-02-07,2.3,8.8,3.5
2011-02-08,4.2,9.3,4.2
2011-02-09,0.1,10.3,5.2
2011-02-10,-2.1,7.8,5
2011-02-11,-1.9,9.1,5.7
2011-02-12,-2.9,17.6,9.7
2011-02-13,-2.6,6.9,4.2
2011-02-14,-1.1,12.6,7
2011-02-15,1.3,7.5,4.5
2011-02-16,4.5,8.8,4.3
2011-02-17,3.2,9.5,4.4
2011-02-18,1.2,12.1,5.6
2011-02-19,4.8,7.9,5.4
2011-02-20,3.7,9.8,6.3
2011-02-21,2.3,7,4.8
2011-02-22,5.1,3.4,2
2011-02-23,7.1,7.5,4.1
2011-02-24,9.6,10.2,6.2
2011-02-25,3.7,11.9,5.9
2011-02-26,3,4.4,2.4
2011-02-27,4.4,12.3,5.3
2011-02-28,3.4,12.8,7.4
2011-03-01,2.7,9.6,3.2
2011-03-02,-1.3,14.2,4.9
2011-03-03,-0.8,6.1,2.8
2011-03-04,0.1,5.8,2.5
2011-03-05,4.2,8.9,5.2
2011-03-06,4.6,9.7,2.9
2011-03-07,1.8,11.6,3.6
2011-03-08,2.4,8.2,2.9
2011-03-09,-0.2,9.2,4.2
2011-03-10,2.5,7.8,4
2011-03-11,3.6,7.4,2.9
2011-03-12,8.1,10.3,5.5
2011-03-13,10.6,9.2,4.4
2011-03-14,8.4,10.9,7.1
2011-03-15,3,9.6,3.8
2011-03-16,-1.5,11.7,4.8
2011-03-17,-0.3,7.2,4.1
2011-03-18,6.2,10.3,6.6
2011-03-19,9.2,12.7,6.2
2011-03-20,6.1,10.8,3.8
2011-03-21,5.9,7.2,3.4
2011-03-22,1.2,14.5,5.8
2011-03-23,2,6.3,2.9
2011-03-24,3.5,8.4,3.2
2011-03-25,-0.2,13.4,5.3
2011-03-26,-0.3,6.2,2.7
2011-03-27,4.6,5.2,3.7
2011-03-28,6.9,4.3,2.1
2011-03-29,6.4,5.5,2.7
2011-03-30,8.5,7.7,3.9
2011-03-31,9.5,7.6,3.4
2011-04-01,12.7,11.5,5
2011-04-02,4.2,12.6,5.9
2011-04-03,4.7,6.3,3.3
2011-04-04,5.9,5.4,3
2011-04-05,8,6.7,4.2
2011-04-06,10.6,9.2,6.1
2011-04-07,10.7,13.9,8.3
2011-04-08,8.6,12.1,5.4
2011-04-09,11.7,11.2,5.9
2011-04-10,13.9,12.9,7.4
2011-04-11,6.9,11.3,3.3
2011-04-12,11.5,12.7,7
2011-04-13,15,10.5,5.3
2011-04-14,15.7,10,4
2011-04-15,15.9,18.8,8.8
2011-04-16,5.9,18.9,7
2011-04-17,7.2,4.7,1.9
2011-04-18,6.2,17.9,7
2011-04-19,4.4,21.6,12.1
2011-04-20,8.1,9.3,5
2011-04-21,12.4,7.1,2.5
2011-04-22,8.5,9,3
2011-04-23,8.6,5.8,2.5
2011-04-24,9.8,10,5.5
2011-04-25,10.9,10.9,6.8
2011-04-26,9.5,12.9,4.5
2011-04-27,9.1,9.4,3.7
2011-04-28,6.7,8.2,4.4
2011-04-29,11.7,8.5,6.2
2011-04-30,13.3,16.4,9
2011-05-01,14.9,11.9,5.5
2011-05-02,13.7,9.7,4.6
2011-05-03,14.7,9.6,4.8
2011-05-04,9.1,10.7,4.5
2011-05-05,9.1,4.3,2.7
2011-05-06,11.8,8.2,2.8
2011-05-07,16.9,13.3,7.6
2011-05-08,15.5,10.3,4.5
2011-05-09,16.5,13.2,9
2011-05-10,13.4,12.2,4.3
2011-05-11,10.4,9,6
2011-05-12,10.8,10.5,4
2011-05-13,15.1,10.8,6.9
2011-05-14,17.1,11.5,5.2
2011-05-15,18.5,13.9,7
2011-05-16,11.9,5.4,1.9
2011-05-17,13.4,5.9,2.5
2011-05-18,16.9,11.5,6.6
2011-05-19,18.1,15.3,10.5
2011-05-20,18.5,15.1,8.9
2011-05-21,14.1,9.1,4.4
2011-05-22,11.9,4.5,1.9
2011-05-23,12.9,5.6,2.1
2011-05-24,15.2,7.6,4.3
2011-05-25,15.5,7.9,2.6
2011-05-26,14.6,6.3,2.7
2011-05-27,13.7,5.8,2.7
2011-05-28,14.3,7.7,4
2011-05-29,12.7,11.6,7.9
2011-05-30,13.1,9.6,3.6
2011-05-31,12.4,9.8,3
2011-06-01,13.6,7,3.1
2011-06-02,13.4,3.7,1.3
2011-06-03,14.6,8.5,5.9
2011-06-04,20.7,12,6.2
2011-06-05,21,9.2,3.6
2011-06-06,22.1,8.1,3.3
2011-06-07,20.6,8.2,4.8
2011-06-08,20.5,9.9,5.9
2011-06-09,21.3,10.2,4.2
2011-06-10,22,7.8,3.2
2011-06-11,21.7,8.3,4.4
2011-06-12,19.5,6.2,2.7
2011-06-13,18,6.7,2.1
2011-06-14,17.6,5.7,2.7
2011-06-15,17.9,4.9,2.1
2011-06-16,18.2,6,3
2011-06-17,19.8,3.3,1.6
2011-06-18,19.5,4.4,1.9
2011-06-19,21.7,2.6,1.4
2011-06-20,20.1,5.8,1.9
2011-06-21,23.7,6.5,4.2
2011-06-22,23.6,12.6,8.5
2011-06-23,21.6,14.6,11.1
2011-06-24,17.2,14.4,6.2
2011-06-25,15.7,8.8,5.7
2011-06-26,17.2,8.2,4.5
2011-06-27,18.9,12.3,8.6
2011-06-28,23.2,11.9,7
2011-06-29,24.3,12.3,8
2011-06-30,24.5,10.7,8.2
2011-07-01,22.2,10.8,3.6
2011-07-02,21.4,6.3,2.3
2011-07-03,21,14.1,6.6
2011-07-04,23.5,5.8,1.8
2011-07-05,25.1,8,3.5
2011-07-06,20.3,8.6,4.7
2011-07-07,20.4,11.8,3.2
2011-07-08,23.2,12.8,9.9
2011-07-09,20.8,12.2,7.6
2011-07-10,22,11.4,7
2011-07-11,23.3,6.7,2.9
2011-07-12,24.4,7.9,4.5
2011-07-13,23.3,9.6,5.7
2011-07-14,23.5,10.2,7.3
2011-07-15,23.5,9.5,6.3
2011-07-16,25.1,8.6,5.5
2011-07-17,24.6,6,3.4
2011-07-18,24.4,8.2,5.6
2011-07-19,23.5,15.5,10.2
2011-07-20,19.9,17.2,11.8
2011-07-21,18.8,11,7.1
2011-07-22,18.4,5,2.2
2011-07-23,19.5,2.6,1.1
2011-07-24,20.4,2.5,0.9
2011-07-25,21,3.1,1.6
2011-07-26,23.1,7.4,4.5
2011-07-27,23.2,12.4,7.5
2011-07-28,25.6,12.6,8.2
2011-07-29,26.3,7.4,3
2011-07-30,22.6,6.2,2.1
2011-07-31,21.8,4.2,2.2
2011-08-01,22.6,3.6,1.5
2011-08-02,22.9,4.5,2.8
2011-08-03,24.5,3.2,1.5
2011-08-04,25.9,6.4,3.3
2011-08-05,26.2,4,2.1
2011-08-06,25.9,4.1,2.1
2011-08-07,27,3.2,1.6
2011-08-08,25.2,9.4,4.1
2011-08-09,24.9,10.4,8.2
2011-08-10,26.3,12,7.6
2011-08-11,27.6,5.6,2.7
2011-08-12,26.6,4.4,1.8
2011-08-13,25.7,8.9,4.9
2011-08-14,25.2,9.3,6.8
2011-08-15,26.4,5.3,2.5
2011-08-16,27,11.6,4
2011-08-17,24.6,11,4
2011-08-18,21.6,7.8,5.1
2011-08-19,22.7,4.4,1.5
2011-08-20,21.5,4.3,1.5
2011-08-21,22.2,5.2,2.9
2011-08-22,22.1,4.6,2.6
2011-08-23,21.7,5.6,4.1
2011-08-24,20.6,8.9,6.4
2011-08-25,22.1,7.5,4.9
2011-08-26,22.2,6,4.1
2011-08-27,22.4,4.6,2.8
2011-08-28,23.1,3.4,2.2
2011-08-29,23.1,3.3,1.6
2011-08-30,22.8,3.6,1.8
2011-08-31,23.2,3.5,1.8
2011-09-01,24.3,5.8,3.1
2011-09-02,22.7,12.7,8.2
2011-09-03,21,16.1,12.5
2011-09-04,20.5,15,10.6
2011-09-05,19.5,14.8,7
2011-09-06,21,7.8,4.1
2011-09-07,22.3,6.1,2.7
2011-09-08,21.9,7.1,4.4
2011-09-09,21.6,10.3,3.5
2011-09-10,17.9,10.2,4.9
2011-09-11,20.3,8.2,3.7
2011-09-12,21.8,7,1.8
2011-09-13,21.7,4.5,1.4
2011-09-14,23.6,4.7,3.3
2011-09-15,24,4.7,3.5
2011-09-16,25.2,5.6,2.7
2011-09-17,21.7,9.4,5.6
2011-09-18,17.9,13.3,9.5
2011-09-19,15.9,12.7,8.3
2011-09-20,15.5,11.3,8
2011-09-21,16.9,11.8,9.4
2011-09-22,17,7.8,3.8
2011-09-23,17,6.7,3.2
2011-09-24,17.2,2.8,0.5
2011-09-25,18.9,3.4,1.3
2011-09-26,18.7,2.1,0.3
2011-09-27,18.5,5,2.5
2011-09-28,19.2,3.5,1.7
2011-09-29,17.6,5.1,2.4
2011-09-30,16.1,10.6,4.9
2011-10-01,15.1,7.1,2.3
2011-10-02,14,8.4,3
2011-10-03,13.7,4.6,1.5
2011-10-04,15.9,4.3,2.2
2011-10-05,16.8,5.3,2.4
2011-10-06,17.1,9.2,3.9
2011-10-07,16,4.7,1.5
2011-10-08,16.9,2.8,1.1
2011-10-09,18,8,5.1
2011-10-10,19,7.5,1.8
2011-10-11,16.9,4.9,1.9
2011-10-12,17.3,4.7,2.2
2011-10-13,19.2,5.1,2.5
2011-10-14,17.7,5.7,1.8
2011-10-15,16.7,12.5,4.3
2011-10-16,15.6,11.9,8.7
2011-10-17,13.6,10.5,3.1
2011-10-18,12.1,5.2,2.1
2011-10-19,14.4,4.5,2.3
2011-10-20,15.1,5.3,3.3
2011-10-21,15,11.8,4.5
2011-10-22,14.4,15.4,11.3
2011-10-23,15.5,8.4,3.5
2011-10-24,15.9,7.9,3.6
2011-10-25,8.7,10.5,4.4
2011-10-26,10.8,4.1,2
2011-10-27,12.9,2.9,1.6
2011-10-28,15,2.3,1.2
2011-10-29,14.3,6.5,3.8
2011-10-30,13.7,9.3,6.4
2011-10-31,14,6.8,4.5
2011-11-01,15.9,3,1.5
2011-11-02,17.8,7.1,2.4
2011-11-03,17,5.8,2.7
2011-11-04,17.9,2.6,1.2
2011-11-05,17.3,9.9,4.3
2011-11-06,13.1,9.8,7.3
2011-11-07,12.7,8.7,5.3
2011-11-08,10.9,8.8,6.2
2011-11-09,10.2,8,5.8
2011-11-10,11,6.1,3.5
2011-11-11,12.7,3,1.4
2011-11-12,13.6,4.5,1.7
2011-11-13,13.4,6.5,2.4
2011-11-14,11.4,10,4.2
2011-11-15,8.3,8.7,3.3
2011-11-16,11.7,7.1,4
2011-11-17,11.6,6,2.8
2011-11-18,15.5,10.8,4.4
2011-11-19,14.9,8.1,4.8
2011-11-20,5.7,10.5,3.9
2011-11-21,4.6,4.5,1.7
2011-11-22,7.6,4.1,1.5
2011-11-23,8.5,9.4,6.2
2011-11-24,3.1,7.4,3
2011-11-25,4.7,4.8,1.4
2011-11-26,9.7,9.1,5
2011-11-27,14,11.4,7.5
2011-11-28,16,7.3,4.2
2011-11-29,10.3,11.1,7.2
2011-11-30,3.2,14,10.9
2011-12-01,1.5,12.7,7.7
2011-12-02,5,9.3,6.7
2011-12-03,6.5,14.3,8.2
2011-12-04,6.8,4.8,1.4
2011-12-05,5.7,5.6,2.3
2011-12-06,6.8,9.6,3.6
2011-12-07,7.2,7.8,4.3
2011-12-08,2.3,14.5,7.2
2011-12-09,-0.2,12.6,6.2
2011-12-10,1.1,5.8,2.1
2011-12-11,4,5.2,2.2
2011-12-12,6.2,6.9,2.1
2011-12-13,5.7,6.4,2.1
2011-12-14,8.2,7.1,3.5
2011-12-15,2.3,7.2,3.4
2011-12-16,-2.8,7.1,2.4
2011-12-17,0.6,5.8,2.5
2011-12-18,2,4.2,1.2
2011-12-19,2,5.1,2.3
2011-12-20,2.6,4,1.4
2011-12-21,4,7.5,2.9
2011-12-22,-0.3,7.7,3.9
2011-12-23,-1.4,5.9,2.2
2011-12-24,-1.1,6.9,3.1
2011-12-25,-3.4,6.7,2.9
2011-12-26,-2.5,6.3,2.7
2011-12-27,0.1,4.7,1.2
2011-12-28,3.5,5.2,2.1
2011-12-29,0.6,10.5,5.6
2011-12-30,0.5,8.1,5.1
2011-12-31,3.5,4.8,1.9
2012-01-01,1.9,15.8,4.3
2012-01-02,-1.3,16.2,6.6
2012-01-03,0.2,9,3.7
2012-01-04,-1.6,10.9,4.5
2012-01-05,0,4.5,1.5
2012-01-06,-0.4,8.4,3.8
2012-01-07,-0.2,8.5,4.7
2012-01-08,2.6,6.4,2
2012-01-09,1.9,5.2,1.5
2012-01-10,2.5,7.8,2.6
2012-01-11,-2.6,11.8,5.6
2012-01-12,0,6.5,3
2012-01-13,0.9,7.1,2.3
2012-01-14,0.7,5.3,2
2012-01-15,1,6.3,3.7
2012-01-16,1.8,6.6,3.5
2012-01-17,3.3,4.3,1.1
2012-01-18,4.3,6.7,3
2012-01-19,5.1,12.8,7
2012-01-20,4.1,9.8,6.6
2012-01-21,3.4,8.1,4.3
2012-01-22,1.3,10,4.6
2012-01-23,-3.4,11.3,5.6
2012-01-24,-4.4,6.5,2.2
2012-01-25,-4.7,6,2.2
2012-01-26,-1.5,6,3.1
2012-01-27,1.3,7,2.4
2012-01-28,-0.1,8.7,3
2012-01-29,-2.2,8.5,4.6
2012-01-30,-2.8,8.1,2.7
2012-01-31,-0.5,12.4,3.9
2012-02-01,-5,6.3,3.1
2012-02-02,-7.2,9.6,3.8
2012-02-03,-3.4,6.1,2.4
2012-02-04,-0.8,8,3.5
2012-02-05,2.3,5.1,2.2
2012-02-06,4.2,5,1.9
2012-02-07,-1,13.8,5.5
2012-02-08,-5.7,5.3,1.4
2012-02-09,-2.7,6.4,1.5
2012-02-10,-0.8,5.3,0.7
2012-02-11,-0.7,,
2012-02-12,0.4,,
2012-02-13,4,,
2012-02-14,4.8,6,2.4
2012-02-15,-0.1,10.2,5
2012-02-16,-0.9,14.1,5.5
2012-02-17,-3.8,8.7,5
2012-02-18,-3.9,6.9,2.5
2012-02-19,-2.2,7.2,2.6
2012-02-20,1.5,5.8,3.2
2012-02-21,2.5,5.9,2.6
2012-02-22,4.6,2.9,1.5
2012-02-23,3.7,14.2,5.3
2012-02-24,1.2,8.4,4.6
2012-02-25,0.2,10.8,4.6
2012-02-26,-2.3,8.3,6.4
2012-02-27,-2.4,7.5,4.5
2012-02-28,1.4,2.3,1.2
2012-02-29,4.8,3.5,1.6
2012-03-01,5.9,4.7,2.5
2012-03-02,4.1,7.3,4.9
2012-03-03,2,9.9,6
2012-03-04,3.1,7.7,4.7
2012-03-05,3.4,10.6,7.8
2012-03-06,4.3,9.4,5
2012-03-07,4.8,5.5,2.4
2012-03-08,3.8,6.2,2.6
2012-03-09,2.7,9.4,7.4
2012-03-10,2.4,8.4,4
2012-03-11,0.6,10.4,4.8
2012-03-12,-2.4,9.4,4.4
2012-03-13,0.8,8.3,3.4
2012-03-14,5.6,8.3,5
2012-03-15,3.1,6.6,3.1
2012-03-16,6.5,6.2,3.1
2012-03-17,7.3,9.5,3.7
2012-03-18,2.4,11.6,6.9
2012-03-19,1.9,7.2,3.9
2012-03-20,3.1,8.4,3.5
2012-03-21,5.7,11.2,4.3
2012-03-22,8.7,12.5,4.6
2012-03-23,4.3,13.4,6.2
2012-03-24,2.6,7.3,4.1
2012-03-25,1.5,9.4,3.8
2012-03-26,2.9,8.4,4.2
2012-03-27,9.1,9.5,6.2
2012-03-28,7.9,12,5.6
2012-03-29,9.9,12.9,8.5
2012-03-30,11.1,12.8,8.9
2012-03-31,4.5,8.7,3.9
2012-04-01,2.9,9.8,3.5
2012-04-02,7.8,7.9,3.3
2012-04-03,5.3,14.5,6
2012-04-04,7.3,12.4,5.4
2012-04-05,7.3,9.6,4.2
2012-04-06,2.6,10.9,4.7
2012-04-07,2.5,5.8,2.9
2012-04-08,11.5,13.9,8.9
2012-04-09,14.2,10.9,4.8
2012-04-10,14,10.9,4.5
2012-04-11,9,12.5,6.6
2012-04-12,10,9.8,4.9
2012-04-13,10.2,9.8,3.4
2012-04-14,10.7,5.5,2.8
2012-04-15,12.6,6.9,5.4
2012-04-16,12.4,10.7,5.9
2012-04-17,9.7,7.2,3.9
2012-04-18,9.9,3.3,2.2
2012-04-19,10.2,6.2,3.7
2012-04-20,9.8,7.7,5
2012-04-21,10.2,7.8,5
2012-04-22,12,11.4,6.3
2012-04-23,14.7,10.7,6.3
2012-04-24,19.1,7.1,2.6
2012-04-25,15,6.5,3.4
2012-04-26,13.6,10,4.7
2012-04-27,13.6,6.9,3.3
2012-04-28,16.9,10.4,6.3
2012-04-29,16.5,5.3,2.4
2012-04-30,17.5,6.4,3.4
2012-05-01,17.8,5.2,2.2
2012-05-02,13.7,8.5,5.8
2012-05-03,11.8,15.5,7.4
2012-05-04,13.2,11,5.9
2012-05-05,16.6,9.9,4.1
2012-05-06,15,11.2,4.3
2012-05-07,17.5,6.7,3
2012-05-08,15.2,8.5,3.1
2012-05-09,13.7,5,2.2
2012-05-10,10.2,7.4,5.5
2012-05-11,9.3,7.6,5.3
2012-05-12,10.3,5.4,2.5
2012-05-13,13.9,6.7,4.4
2012-05-14,14.2,7.3,3.5
2012-05-15,15.1,7.4,2.9
2012-05-16,17.1,7,3.9
2012-05-17,13.1,11,4.3
2012-05-18,16.6,8.2,3.1
2012-05-19,17.4,8.1,5.1
2012-05-20,17,6.1,3.3
2012-05-21,17.7,6.2,3.8
2012-05-22,17.7,5.7,3.7
2012-05-23,17.7,5.9,3.7
2012-05-24,19.8,7.6,2.6
2012-05-25,17.9,6.9,2.6
2012-05-26,19.6,7.9,3
2012-05-27,19.8,8,3.2
2012-05-28,15,13.7,4.7
2012-05-29,14.7,5.2,2.2
2012-05-30,15.3,3.4,1.6
2012-05-31,15.5,4.3,2.2
2012-06-01,15.5,4.7,2.1
2012-06-02,15.3,4.9,2.8
2012-06-03,16.2,3.7,1.9
2012-06-04,18.1,6.2,4.4
2012-06-05,21,8.8,4.6
2012-06-06,21,10.3,4.8
2012-06-07,20.1,5.9,4.1
2012-06-08,19.6,6.9,4.1
2012-06-09,19.2,11.4,5
2012-06-10,18.8,7.7,2.2
2012-06-11,18.3,2.8,1.4
2012-06-12,18.3,7.7,4.1
2012-06-13,17.2,8.6,5
2012-06-14,17.6,6.9,4.4
2012-06-15,18.3,4.4,1.9
2012-06-16,17.7,10.7,5.1
2012-06-17,20.2,6.8,3.2
2012-06-18,20.6,6.3,4.1
2012-06-19,17.8,10.3,4.9
2012-06-20,17.7,7.9,3.6
2012-06-21,17.9,4.4,2.2
2012-06-22,18.1,4.5,1.8
2012-06-23,19.3,3.3,2
2012-06-24,18.5,6.2,3.3
2012-06-25,17.8,8.6,5.4
2012-06-26,16.4,7.5,5.2
2012-06-27,17,6.7,4.8
2012-06-28,18.2,8.3,5.5
2012-06-29,20.5,4.6,1.6
2012-06-30,20.9,9.6,5.4
2012-07-01,21.4,7.8,3.1
2012-07-02,22.7,6.4,2.9
2012-07-03,21.8,4.4,2
2012-07-04,24,6.8,3.3
2012-07-05,24.1,8.8,3.3
2012-07-06,20.6,17.5,6.6
2012-07-07,18.9,7.7,5.1
2012-07-08,19.5,5,2.4
2012-07-09,20.8,6.2,3.6
2012-07-10,21.1,4,1.8
2012-07-11,21.9,8.5,4.3
2012-07-12,23.2,5.8,2.1
2012-07-13,21.1,6.1,2.7
2012-07-14,21.9,3.7,1.3
2012-07-15,21.6,8.6,3.7
2012-07-16,20.6,3.6,1.2
2012-07-17,20.8,5.2,1.9
2012-07-18,22.2,5.8,3.5
2012-07-19,23.3,9.3,4.6
2012-07-20,25.3,6.7,2.6
2012-07-21,22.1,5.2,2.7
2012-07-22,22.1,3.7,1.8
2012-07-23,25.1,7.3,4.9
2012-07-24,27.7,7.9,3.8
2012-07-25,27.4,6.2,2.5
2012-07-26,27.2,6.4,2.9
2012-07-27,28.3,7.3,3.5
2012-07-28,27.7,4.7,1.5
2012-07-29,26.9,6.3,3.9
2012-07-30,27.6,7.1,4.8
2012-07-31,27.2,5.7,2.4
2012-08-01,26.5,7,3.7
2012-08-02,26.7,4.5,2.1
2012-08-03,26.5,4.4,2.5
2012-08-04,25.8,4.7,2.7
2012-08-05,26.3,5.8,3.2
2012-08-06,25.9,7.8,5
2012-08-07,24.6,7.2,4.4
2012-08-08,24.5,4.5,2.6
2012-08-09,24.6,2.7,1.6
2012-08-10,24.6,3.4,1.8
2012-08-11,25.1,3.8,2.3
2012-08-12,25.4,4.6,2.4
2012-08-13,22.1,9.5,4.7
2012-08-14,24.1,6.5,3.1
2012-08-15,25.2,11.8,7.3
2012-08-16,23.2,10.8,5.1
2012-08-17,24,5.5,2.7
2012-08-18,25.8,6.4,4.2
2012-08-19,26,9.1,6.3
2012-08-20,25.3,8.7,5.8
2012-08-21,25.9,7.9,4.8
2012-08-22,24,10.2,6.1
2012-08-23,21.6,8.2,4.2
2012-08-24,22.2,7.2,3.2
2012-08-25,24.1,4.6,2
2012-08-26,25.2,4.3,2.6
2012-08-27,26.1,5.1,2.7
2012-08-28,25.2,8.8,4
2012-08-29,25,13.4,8.9
2012-08-30,24.1,10.2,3.4
2012-08-31,19.5,12.4,5.1
2012-09-01,20.3,2.9,1.1
2012-09-02,21.7,3.6,1.5
2012-09-03,22.3,3.9,1.4
2012-09-04,23.4,9.1,5.1
2012-09-05,23.2,7.4,5.1
2012-09-06,21.2,5.5,1.9
2012-09-07,21,2.9,1.5
2012-09-08,21,9.9,4.1
2012-09-09,19.7,3.6,1.4
2012-09-10,18.1,7.5,4.4
2012-09-11,19.5,7.2,3.4
2012-09-12,20,3,1.4
2012-09-13,21.6,4.2,2.6
2012-09-14,19.2,9.4,4.8
2012-09-15,17.5,9.8,6.5
2012-09-16,19.1,13.9,9.2
2012-09-17,22.2,12.4,5.2
2012-09-18,20.2,9.4,5.4
2012-09-19,20.7,6.6,3.3
2012-09-20,20,5.6,1.5
2012-09-21,19.2,2.5,1.2
2012-09-22,18.4,6.4,3.2
2012-09-23,18.6,9.1,5.2
2012-09-24,18.1,7.2,4.9
2012-09-25,17.6,6.7,5.2
2012-09-26,17.6,5,3.5
2012-09-27,18.8,6.5,4
2012-09-28,19.8,5.3,2.8
2012-09-29,17.7,8,3.3
2012-09-30,16.6,7,4.2
2012-10-01,16.9,8.4,4.7
2012-10-02,16.1,7.8,5.3
2012-10-03,17.2,7.7,5.8
2012-10-04,17.5,6.8,3.1
2012-10-05,18.7,4.3,1.4
2012-10-06,18.5,9.7,3.1
2012-10-07,15.7,9.3,6.4
2012-10-08,15,6,3.8
2012-10-09,16.6,5.2,2.9
2012-10-10,18,5.5,2.9
2012-10-11,13.3,9.2,5.4
2012-10-12,14.8,5.5,2.3
2012-10-13,17.2,6.5,3.2
2012-10-14,18.7,7.6,4.5
2012-10-15,15.7,8.2,3.9
2012-10-16,16.1,4.2,2
2012-10-17,15.1,8.6,4.7
2012-10-18,11.9,10.4,4.4
2012-10-19,14.3,5.6,2.3
2012-10-20,16.7,9.2,4.9
2012-10-21,17.8,8,3.3
2012-10-22,17.5,12.1,6.2
2012-10-23,11,11.1,3.6
2012-10-24,13.3,6.4,4
2012-10-25,15.5,7.6,2.8
2012-10-26,16.1,4.1,1.3
2012-10-27,16.3,8,3.1
2012-10-28,15.6,10.2,5.2
2012-10-29,12.3,6.8,3.1
2012-10-30,9.2,11.3,5.9
2012-10-31,8.1,6,2.6
2012-11-01,6.1,12.5,6.1
2012-11-02,6.7,8.5,3.6
2012-11-03,9.1,5,2.3
2012-11-04,11.3,5.1,2.6
2012-11-05,14.1,8.2,4.6
2012-11-06,9.4,7.6,4
2012-11-07,11,6.5,2.8
2012-11-08,11.8,4.9,1.8
2012-11-09,11.2,8.2,5.6
2012-11-10,10.7,8.3,5.1
2012-11-11,12.5,13.8,5.4
2012-11-12,10.1,12.7,8.2
2012-11-13,7.8,8.3,5
2012-11-14,4.4,8.7,4.2
2012-11-15,6.3,8.9,4.9
2012-11-16,10,12.6,6.1
2012-11-17,9.3,8.2,3.7
2012-11-18,5.6,7.8,3.8
2012-11-19,8.6,8.3,4.4
2012-11-20,6.5,5.3,2.4
2012-11-21,8.2,6.6,2.8
2012-11-22,9.3,4.3,1.9
2012-11-23,5.3,10.5,6.6
2012-11-24,5.1,8.2,3.6
2012-11-25,8.4,7.6,2.8
2012-11-26,5.4,8.4,3.6
2012-11-27,2.9,5.7,2.6
2012-11-28,8.4,13.2,8
2012-11-29,5.5,5.5,2.4
2012-11-30,3.9,5.2,2.2
2012-12-01,0.3,11.5,6.1
2012-12-02,3.7,6,2.7
2012-12-03,7.4,10.3,4.5
2012-12-04,1.8,10.1,4.9
2012-12-05,2.6,13.2,4.4
2012-12-06,-1.8,9.4,4.6
2012-12-07,1,8.9,3.1
2012-12-08,-1.4,11,6.1
2012-12-09,-3.3,7.1,3.4
2012-12-10,-1.1,8.4,4.1
2012-12-11,1,8.7,6.1
2012-12-12,2.4,6.6,3.3
2012-12-13,5.4,7.5,4.6
2012-12-14,8.1,7.9,3.5
2012-12-15,6.8,12.3,4.6
2012-12-16,6.1,5.3,2.8
2012-12-17,5.8,9.3,3.4
2012-12-18,-1.3,11.1,7
2012-12-19,-1,6.5,3.6
2012-12-20,1.7,6.5,2.6
2012-12-21,4.5,3.2,1.8
2012-12-22,1.7,9.7,5.4
2012-12-23,-2,9.9,3.8
2012-12-24,-3.1,6.1,2.8
2012-12-25,-2.2,7.2,4.2
2012-12-26,-4.1,5.5,2.8
2012-12-27,1.5,5.4,2.9
2012-12-28,3.2,12.5,5.5
2012-12-29,5.4,10.7,5.7
2012-12-30,1.3,9.9,4.3
2012-12-31,-3.1,8.6,4.1
2013-01-01,-0.1,11,4.3
2013-01-02,-2.9,10.5,5.5
2013-01-03,-4.9,6,2.8
2013-01-04,-2.8,5.4,1.9
2013-01-05,1.2,6.2,3
2013-01-06,1.3,6.3,2.1
2013-01-07,1.9,5.8,1.9
2013-01-08,1.5,6,2.2
2013-01-09,-1,7.6,4.2
2013-01-10,-2.6,5.8,2.2
2013-01-11,0.8,4.5,2.4
2013-01-12,4.5,9.4,5.7
2013-01-13,3.6,5.6,2.6
2013-01-14,2.6,13.9,5.8
2013-01-15,-0.6,9.1,3.6
2013-01-16,1.4,8.7,4.3
2013-01-17,-2.7,13,8.6
2013-01-18,0.6,5.2,3
2013-01-19,0.8,4.5,2
2013-01-20,1.9,5.7,3.1
2013-01-21,2.9,5.8,3
2013-01-22,1.8,10.6,7.9
2013-01-23,1.5,8.1,3.5
2013-01-24,3.1,7.9,5.3
2013-01-25,-5.1,7.1,3.4
2013-01-26,-4.9,6.5,3
2013-01-27,-2.8,10.4,4.4
2013-01-28,0.4,7.7,2.4
2013-01-29,2.9,6.4,2.4
2013-01-30,5.1,5.7,2.4
2013-01-31,6.9,3.9,2.2
2013-02-01,9,12.3,4.6
2013-02-02,4.4,7.1,3.7
2013-02-03,1.7,5.9,2.4
2013-02-04,3.7,8.5,4.1
2013-02-05,1.5,4.8,2.1
2013-02-06,3.3,6.3,2.4
2013-02-07,-4.3,9.5,4.3
2013-02-08,-5.5,10,4.5
2013-02-09,-0.4,3.9,1.8
2013-02-10,0.1,8.4,3.4
2013-02-11,-2.8,8.1,4.4
2013-02-12,0.4,6.8,2.9
2013-02-13,0.8,9.9,4
2013-02-14,4.3,6.4,2.6
2013-02-15,-0.3,9.3,5.7
2013-02-16,-2.7,8.5,4.3
2013-02-17,2.1,8.5,3.5
2013-02-18,1.1,10,6.7
2013-02-19,-1.2,6.7,3.2
2013-02-20,-1.1,7.1,3.4
2013-02-21,-1,5.4,2.4
2013-02-22,1.7,7.7,4.1
2013-02-23,1.5,9.6,3.9
2013-02-24,-1.3,8,4.2
2013-02-25,-0.9,4.3,2.4
2013-02-26,4.9,8.2,3.6
2013-02-27,6.5,7.4,3.8
2013-02-28,8.4,7.7,3.6
2013-03-01,5.3,14.4,7.2
2013-03-02,0.5,9.7,5
2013-03-03,2,3.5,1.8
2013-03-04,3.6,5.1,2.1
2013-03-05,7.2,12.2,5.4
2013-03-06,9.4,10.7,4.6
2013-03-07,10.8,12.4,6.7
2013-03-08,12,9.9,5.9
2013-03-09,10.5,12.6,6.1
2013-03-10,2.6,17.2,5.1
2013-03-11,4.3,8.3,3.1
2013-03-12,9.8,9.6,7.3
2013-03-13,2.4,11.4,8.3
2013-03-14,1.4,9.6,4.1
2013-03-15,8.4,8.7,6.4
2013-03-16,7.5,13.3,5.4
2013-03-17,9.6,9,5.8
2013-03-18,9.4,9.6,4
2013-03-19,8,13.9,3.4
2013-03-20,2.8,16.6,7
2013-03-21,3.5,10.2,4.7
2013-03-22,7,11.7,5
2013-03-23,4.5,7.4,3.2
2013-03-24,5.8,9.3,4.4
2013-03-25,2.3,8.8,5.7
2013-03-26,4.5,4.7,2.2
2013-03-27,10.2,8,5
2013-03-28,10.6,11,2.7
2013-03-29,5.2,7.7,4
2013-03-30,5.6,4.8,1.7
2013-03-31,4,6.6,3.6
2013-04-01,8.4,6.5,3
2013-04-02,9.6,8,2.9
2013-04-03,10.2,13.8,5.3
2013-04-04,9.1,10.5,5
2013-04-05,10,5,1.9
2013-04-06,8.1,15.7,6.9
2013-04-07,3.1,17.8,7.9
2013-04-08,9.5,9.7,4.8
2013-04-09,8.7,9.1,5.7
2013-04-10,5.6,8.7,3.3
2013-04-11,6.2,9,4.6
2013-04-12,6.6,6.4,3.2
2013-04-13,10.9,12.1,8.4
2013-04-14,9.6,14.1,7
2013-04-15,9,9.3,3.8
2013-04-16,11.8,13.6,6.1
2013-04-17,5.9,11.2,5.4
2013-04-18,7.3,12.3,5.3
2013-04-19,5.6,7.4,4.2
2013-04-20,4.5,3.8,1.6
2013-04-21,5.2,6.2,2.4
2013-04-22,11,7.4,5.3
2013-04-23,11.3,8.2,5.7
2013-04-24,12.6,9.9,5
2013-04-25,12.7,7.8,3.9
2013-04-26,9.7,6.1,3.4
2013-04-27,12.1,7.6,3.9
2013-04-28,12.9,7.5,3.6
2013-04-29,14.2,12.2,7.8
2013-04-30,11.1,10.2,6.1
2013-05-01,7.6,10.5,5.7
2013-05-02,7.1,2.2,0.8
2013-05-03,10.7,6.1,3
2013-05-04,13.6,6.8,2.4
2013-05-05,17.7,8.3,4.6
2013-05-06,15.6,15.8,6.1
2013-05-07,10.7,6.3,3.2
2013-05-08,13.2,8.5,6
2013-05-09,18.8,8.2,3.9
2013-05-10,14.9,11.1,6.2
2013-05-11,17.6,7,3.8
2013-05-12,20.4,10.6,7.9
2013-05-13,16.2,10.4,3.7
2013-05-14,13.9,5.5,3
2013-05-15,14.1,10.3,3.2
2013-05-16,10.7,7.9,5
2013-05-17,12,3.7,2
2013-05-18,15,6.8,3.9
2013-05-19,13.8,5,1.8
2013-05-20,15.9,8.5,4.4
2013-05-21,18.7,9,4.8
2013-05-22,18.9,7.8,3.3
2013-05-23,17.3,6.1,2.1
2013-05-24,18.3,7.2,5.3
2013-05-25,17.8,6.3,2.4
2013-05-26,17.8,6.3,3.9
2013-05-27,19.2,5.9,3.5
2013-05-28,16.8,6.1,3.7
2013-05-29,19.2,8.5,5.7
2013-05-30,21.7,10.8,5.7
2013-05-31,21.4,7.1,2.1
2013-06-01,18.6,5.6,1.2
2013-06-02,18.1,7.8,1.6
2013-06-03,16.2,2.5,0.2
2013-06-04,18.3,4.6,2.6
2013-06-05,19.1,5.3,1.9
2013-06-06,17.7,5.2,2.2
2013-06-07,17.1,6.2,1.4
2013-06-08,17.4,4.4,0.5
2013-06-09,18.1,4.9,2.2
2013-06-10,18,7.4,4.7
2013-06-11,19.5,6.8,3.4
2013-06-12,21.9,3.4,0.6
2013-06-13,20,3.7,0.4
2013-06-14,19.2,2.6,0.2
2013-06-15,20.7,6.2,2
2013-06-16,20.6,7.2,4.5
2013-06-17,21.9,6.2,2.6
2013-06-18,20.1,4.9,2.1
2013-06-19,19.9,5.5,1
2013-06-20,20.5,4.6,1.7
2013-06-21,20.1,4.6,1.3
2013-06-22,19.1,5.6,1.6
2013-06-23,19.4,5.2,2
2013-06-24,21,3.5,1.5
2013-06-25,20.6,2.9,1.3
2013-06-26,20.9,9.3,4.2
2013-06-27,19.8,5.4,1.4
2013-06-28,20.3,3.2,0.5
2013-06-29,21.3,3.6,0.9
2013-06-30,22.2,3.4,0.9
2013-07-01,23.2,6.6,4.1
2013-07-02,22,10.7,6
2013-07-03,24.1,12.3,7.8
2013-07-04,25.7,10.6,5.3
2013-07-05,21.8,9.5,6
2013-07-06,23.9,8.1,2.4
2013-07-07,23.9,11.6,5.2
2013-07-08,23.8,10.9,9.1
2013-07-09,25.5,12.8,8.9
2013-07-10,26.4,8.7,5
2013-07-11,26.7,8.5,4.9
2013-07-12,25.1,12.4,7.8
2013-07-13,23.3,8.6,2.6
2013-07-14,23.6,10.3,4.9
2013-07-15,22.7,7.5,2.8
2013-07-16,23.4,13,7.6
2013-07-17,24.5,12.8,8.8
2013-07-18,23.8,8.7,3.1
2013-07-19,22.6,5.2,2.1
2013-07-20,24.3,6.2,4.5
2013-07-21,26.1,10.5,6.8
2013-07-22,26.3,8.6,3.6
2013-07-23,26.3,10.7,6.3
2013-07-24,26,13.5,9
2013-07-25,27.1,7.8,5.3
2013-07-26,26.6,6.6,2.8
2013-07-27,25,5,1.7
2013-07-28,24.6,8.2,3.3
2013-07-29,27.1,10.2,4.9
2013-07-30,23.6,3.7,1.1
2013-07-31,25.2,10,4.6
2013-08-01,23.9,4.5,1.4
2013-08-02,22.8,5.7,2.1
2013-08-03,24.7,8.2,3.5
2013-08-04,27.4,6.6,2.8
2013-08-05,27.9,5.3,2.1
2013-08-06,29.1,9,3.2
2013-08-07,29.8,6.3,2.7
2013-08-08,31.3,7.8,4.6
2013-08-09,30.6,9.9,6.4
2013-08-10,30.6,7.4,3.8
2013-08-11,28.1,4.1,1.6
2013-08-12,27.2,5.2,3
2013-08-13,28.5,6.5,2.5
2013-08-14,28.3,6.7,3.1
2013-08-15,28.2,5.9,2.7
2013-08-16,28.3,7.6,4.1
2013-08-17,27.7,8.4,6.5
2013-08-18,28.4,10.1,6.3
2013-08-19,27.8,6,2
2013-08-20,25.9,6.3,2.9
2013-08-21,25.1,5.1,2.7
2013-08-22,25.8,9.5,3.5
2013-08-23,24.2,8.6,3.2
2013-08-24,26,5.3,1.3
2013-08-25,24.7,6.7,2.9
2013-08-26,24.1,3.5,1.6
2013-08-27,24.7,6,1.9
2013-08-28,24.1,5.8,2.5
2013-08-29,25,11.3,6.3
2013-08-30,24.5,8.5,2.9
2013-08-31,21,11,5.2
2013-09-01,21.1,5.5,3.4
2013-09-02,21.6,5.1,3
2013-09-03,20.3,5.5,1.8
2013-09-04,19.1,8.9,5.9
2013-09-05,19.8,6.1,4.3
2013-09-06,18.4,5,2
2013-09-07,19.8,3.9,1.8
2013-09-08,20.4,2.1,0.8
2013-09-09,20.4,2.9,1.3
2013-09-10,21.6,2.4,1
2013-09-11,21.5,5.4,1.7
2013-09-12,22.7,4.7,2.1
2013-09-13,23.5,7.9,5
2013-09-14,24.2,7.5,3.7
2013-09-15,22.8,8.9,5
2013-09-16,19.5,9.8,5.7
2013-09-17,21.4,5.7,3.6
2013-09-18,21.5,4.2,2
2013-09-19,21.4,3.5,2
2013-09-20,22.8,8.1,3.9
2013-09-21,23.5,5.4,1.5
2013-09-22,20,9.2,5.8
2013-09-23,21,4.8,2
2013-09-24,22.3,5,3
2013-09-25,17.7,13,6.2
2013-09-26,16.1,8.1,4
2013-09-27,17.4,3.2,1.5
2013-09-28,19.5,2.9,1.3
2013-09-29,18.5,8.4,4.5
2013-09-30,20.3,8.1,4.4
2013-10-01,19.3,7.4,4.6
2013-10-02,18.9,9.7,3.9
2013-10-03,16.4,8.3,3
2013-10-04,18.7,4.5,1.7
2013-10-05,19.3,6.2,3.1
2013-10-06,19.8,8.9,5.4
2013-10-07,21.3,5.5,2.7
2013-10-08,19.2,14.3,5.6
2013-10-09,17.9,12.9,6
2013-10-10,19.7,4.2,2.1
2013-10-11,19.4,10,5
2013-10-12,16.2,8,4.1
2013-10-13,17,5,2.1
2013-10-14,19.1,5.7,3.6
2013-10-15,12.6,15.6,10.1
2013-10-16,9.9,14.2,8.4
2013-10-17,12.2,5.6,1.5
2013-10-18,14.4,4,2.3
2013-10-19,15.7,6.6,3.8
2013-10-20,15.7,11,5.3
2013-10-21,13.8,13.5,7.9
2013-10-22,14.6,10.5,7.1
2013-10-23,15.3,8.3,5.3
2013-10-24,15.6,6.4,2.6
2013-10-25,12.6,7.4,4.4
2013-10-26,11.8,8.3,4.6
2013-10-27,14.2,5.5,2.5
2013-10-28,15.1,5.5,3.6
2013-10-29,16,5.4,2.7
2013-10-30,13.7,8.1,4.8
2013-10-31,13.2,5.6,2.1
2013-11-01,14.3,4.6,2.1
2013-11-02,16.4,6.1,3.3
2013-11-03,15.2,6.4,2.2
2013-11-04,12.3,8.3,5
2013-11-05,13.3,6.4,3.2
2013-11-06,15.3,10.1,6.2
2013-11-07,14.5,8.3,4.1
2013-11-08,10.8,7.3,4.1
2013-11-09,14.1,7.3,3.4
2013-11-10,10.5,14.3,5.3
2013-11-11,4,13.1,5.3
2013-11-12,4.9,8.1,3.9
2013-11-13,6.2,7.7,4
2013-11-14,11.1,7.2,4.2
2013-11-15,11.1,4.5,1.6
2013-11-16,10.4,4.7,2.1
2013-11-17,9.6,9.2,5.9
2013-11-18,3.6,10.8,5.6
2013-11-19,3.4,7.5,3.7
2013-11-20,4.8,5,2.1
2013-11-21,6.3,3.7,1.5
2013-11-22,7.5,5,1.7
2013-11-23,9.4,5.2,2.2
2013-11-24,11.5,3.8,2.2
2013-11-25,9.8,15.5,9.3
2013-11-26,4.7,9.1,5.8
2013-11-27,4.1,9.4,5.1
2013-11-28,-0.3,7.7,3.4
2013-11-29,1.2,5.7,2.3
2013-11-30,7.2,5.8,2.8
2013-12-01,8.5,4.9,2.3
2013-12-02,7.7,5.8,2.3
2013-12-03,8.3,5.4,2.1
2013-12-04,8.4,7.8,3.4
2013-12-05,9.3,6.3,2.9
2013-12-06,4.9,6.4,3.5
2013-12-07,5.2,5.6,2.9
2013-12-08,5.7,4.1,1.9
2013-12-09,9.2,10.7,5.8
2013-12-10,3.2,12.7,5
2013-12-11,2.8,9.7,4.5
2013-12-12,1.9,11.5,5
2013-12-13,-1.6,10.9,4.4
2013-12-14,0.6,9.2,4.8
2013-12-15,0.4,6.1,2.6
2013-12-16,2.9,6.7,2.8
2013-12-17,3.5,8.2,5.6
2013-12-18,4,9.4,7.3
2013-12-19,1.4,9.9,6.4
2013-12-20,0.5,13.6,7.2
2013-12-21,1.3,13.1,7.1
2013-12-22,0.9,8.6,6.2
2013-12-23,2.2,6.8,3
2013-12-24,1.3,8.8,5.6
2013-12-25,4.4,7.9,3.3
2013-12-26,4.5,7.8,3.4
2013-12-27,-1.6,13.8,7.1
2013-12-28,-2,8.1,3.4
2013-12-29,0.3,7.7,3.4
2013-12-30,3.8,8.6,5.2
2013-12-31,4.9,9.1,5.5
2014-01-01,5.3,9,4.7
2014-01-02,3.5,7.8,3.1
2014-01-03,6.3,7.1,4.4
2014-01-04,-0.1,10.4,7.6
2014-01-05,0.2,7.5,3.7
2014-01-06,1.1,5.7,2.8
2014-01-07,4.6,8,3.8
2014-01-08,4.1,7.5,3.5
2014-01-09,-4,12.2,6.4
2014-01-10,-2.2,4.8,2.6
2014-01-11,0.7,5.5,2.4
2014-01-12,0.8,7.7,3.4
2014-01-13,-2.5,6.9,3.7
2014-01-14,-0.9,5.5,2.5
2014-01-15,1.1,6.9,2.6
2014-01-16,1.5,6.2,2.1
2014-01-17,0.1,5.6,3.3
2014-01-18,-0.7,14.2,4.5
2014-01-19,0,6.2,3
2014-01-20,2.7,8,4.2
2014-01-21,-0.9,13,6.8
2014-01-22,0.1,7.1,2.6
2014-01-23,2.6,8.6,3
2014-01-24,5.9,9.8,7.1
2014-01-25,6.5,8.9,4.7
2014-01-26,-1.9,11,5.5
2014-01-27,4,13.6,6.4
2014-01-28,3.7,9.8,4.4
2014-01-29,6.7,10.7,5.3
2014-01-30,8.4,11.1,6.3
2014-01-31,3.4,7.7,3
2014-02-01,7.6,8.5,4.5
2014-02-02,10.1,9.8,4.3
2014-02-03,2.7,11.5,5.3
2014-02-04,-4,9.9,5.5
2014-02-05,-3.7,6.4,3.5
2014-02-06,-1.3,7,3.3
2014-02-07,-0.4,8.2,5.8
2014-02-08,0.3,8.9,6.3
2014-02-09,-1.1,10.5,7.9
2014-02-10,-3.7,10.9,8.1
2014-02-11,-3.3,8.3,6.2
2014-02-12,-0.8,8.1,5.5
2014-02-13,-0.7,9.7,6.9
2014-02-14,-0.4,10.1,6.7
2014-02-15,0.9,10.2,6
2014-02-16,3.7,6.6,2.3
2014-02-17,1,10.3,7.1
2014-02-18,-2.1,10.6,7.2
2014-02-19,-0.7,6.7,3.8
2014-02-20,1,9.6,2.5
2014-02-21,-0.3,6.2,3.4
2014-02-22,0.4,5.4,3.2
2014-02-23,1.5,4.4,1.9
2014-02-24,4.6,5,1.6
2014-02-25,6.6,5.4,1.7
2014-02-26,7,3,1.6
2014-02-27,8.6,6.4,1.9
2014-02-28,4.4,10.5,4.9
2014-03-01,5.1,4.1,1.5
2014-03-02,2.4,11.7,5.9
2014-03-03,3.4,5.8,2.9
2014-03-04,6.6,7.1,4.3
2014-03-05,1.8,9.8,5.8
2014-03-06,-0.3,6.6,3.1
2014-03-07,-0.4,7.6,4
2014-03-08,1.7,5.9,2.7
2014-03-09,1.3,10.7,5.5
2014-03-10,1.2,7.3,3.8
2014-03-11,6.7,9.8,6.5
2014-03-12,7.5,9,4.7
2014-03-13,1.3,13.3,9.4
2014-03-14,1.3,7.8,3.8
2014-03-15,7.1,12.7,6.1
2014-03-16,8.1,12.4,4.7
2014-03-17,11.2,13,5.8
2014-03-18,8.9,13.7,9.1
2014-03-19,5.7,6.1,2.9
2014-03-20,3.3,11.7,3.8
2014-03-21,3.1,9.4,4.8
2014-03-22,7.6,6.7,3.5
2014-03-23,11.9,5.1,3.2
2014-03-24,12.6,12.6,4.7
2014-03-25,13.9,13.5,8
2014-03-26,11.4,7.8,4.1
2014-03-27,9.6,7.1,3.4
2014-03-28,14.3,9.6,6.8
2014-03-29,14.2,8.9,5.3
2014-03-30,7.9,12,5.6
2014-03-31,9.7,6.1,2.2
2014-04-01,10.2,7.1,5
2014-04-02,14.1,7.9,5.6
2014-04-03,9.3,13.1,5.2
2014-04-04,3.5,16.1,7.3
2014-04-05,4.8,6.1,2.3
2014-04-06,5.2,10.7,4.3
2014-04-07,14,9.6,6.2
2014-04-08,12.9,7.1,3.3
2014-04-09,13.6,9.2,4.2
2014-04-10,8.6,11.5,6.2
2014-04-11,9.7,5.3,2.8
2014-04-12,11.4,4.4,2.3
2014-04-13,12.1,4,1.6
2014-04-14,12,9.2,3.3
2014-04-15,16.8,9.7,4.6
2014-04-16,13.3,6.3,3.2
2014-04-17,11.8,5.9,2.6
2014-04-18,10.4,7.9,5.5
2014-04-19,9.1,6,4.2
2014-04-20,9.8,4.9,2.1
2014-04-21,13.4,7.8,3.4
2014-04-22,14.4,4.4,1.6
2014-04-23,14.9,7.5,3.8
2014-04-24,15.7,7.3,6
2014-04-25,17.6,8.3,3.8
2014-04-26,16.8,7.7,5.5
2014-04-27,15.9,8.8,5
2014-04-28,12.5,8.1,4.5
2014-04-29,12.7,9.5,5.2
2014-04-30,13.9,3.8,1.2
2014-05-01,15.2,7.3,2.5
2014-05-02,18.8,13.8,4.1
2014-05-03,14.4,15.3,6.1
2014-05-04,13.7,9.5,6
2014-05-05,11.9,9.2,4.5
2014-05-06,12.4,8,4.6
2014-05-07,15,8,4.9
2014-05-08,13.1,12,6.6
2014-05-09,13,7.8,3
2014-05-10,14.7,4.2,1.8
2014-05-11,15.8,5.6,2.4
2014-05-12,15.7,11,6.4
2014-05-13,20.2,11.8,9
2014-05-14,20.2,8.9,6
2014-05-15,18.2,10.4,4.6
2014-05-16,16.8,8.2,3.7
2014-05-17,15,4.8,2.3
2014-05-18,16.4,4.6,2.3
2014-05-19,18.2,6.7,4.2
2014-05-20,18.2,7.5,4.9
2014-05-21,16.6,6.6,2.8
2014-05-22,14,4.5,1.8
2014-05-23,14.4,6.9,2.3
2014-05-24,19.8,9.6,5.6
2014-05-25,20,12.8,5.3
2014-05-26,18.9,10.6,6.1
2014-05-27,21.7,12.3,8.6
2014-05-28,22.8,11.6,8
2014-05-29,21.2,9.5,4.9
2014-05-30,24.3,7.9,2.9
2014-05-31,24.2,6.5,2.8
2014-06-01,25.8,6.2,3.2
2014-06-02,21.8,6,3.7
2014-06-03,20,7,3.2
2014-06-04,20.6,5.1,2.6
2014-06-05,17.3,9.4,4.5
2014-06-06,17.9,5.2,2.6
2014-06-07,17.1,3.6,1.4
2014-06-08,17.8,2.9,1
2014-06-09,17.4,4,1.3
2014-06-10,17.9,5.9,3
2014-06-11,16.7,8.5,5.9
2014-06-12,15.8,8.3,3.6
2014-06-13,16.7,3.8,1.4
2014-06-14,20.7,7,3.3
2014-06-15,23.1,7.6,2.6
2014-06-16,23.3,4.6,1.9
2014-06-17,19.4,5.1,2.5
2014-06-18,18.8,5.5,2.4
2014-06-19,19.9,7.1,2.9
2014-06-20,18.6,7.6,3.6
2014-06-21,17.8,6.8,3.9
2014-06-22,18.1,6,3.7
2014-06-23,18.4,2.5,1.2
2014-06-24,19.3,2.6,1.3
2014-06-25,21,3.5,2.2
2014-06-26,21.5,4.5,3.1
2014-06-27,22.7,6.1,3.2
2014-06-28,22.2,3.6,2
2014-06-29,21.4,3.6,1.4
2014-06-30,21.8,3.2,1.5
2014-07-01,22.7,3,1.9
2014-07-02,22.3,2.8,1.3
2014-07-03,20.7,9.4,3.9
2014-07-04,20.5,10.2,6.5
2014-07-05,20.6,10.4,5.5
2014-07-06,20.9,4.2,1.1
2014-07-07,21.7,2.6,1
2014-07-08,22.3,7.6,3
2014-07-09,25.8,8.5,4.2
2014-07-10,24.9,4.6,1.7
2014-07-11,25.5,7.6,2.7
2014-07-12,26.6,7,4.3
2014-07-13,23.7,6.8,3.6
2014-07-14,25.5,7.2,2.9
2014-07-15,23.9,6.2,3.2
2014-07-16,24.7,5.8,2.5
2014-07-17,24.8,8.6,4.3
2014-07-18,25.1,4.6,2.1
2014-07-19,24.9,7.5,1.9
2014-07-20,24.9,4.4,1.3
2014-07-21,24.7,6.9,4.3
2014-07-22,25.6,9.7,4
2014-07-23,24.4,8,4.7
2014-07-24,25.5,8.2,2.4
2014-07-25,25.9,8.5,3.4
2014-07-26,25.1,11.9,7.8
2014-07-27,22.1,8.4,3.4
2014-07-28,22.3,3.2,1.2
2014-07-29,23.5,4.7,2.1
2014-07-30,25.4,5.1,3.1
2014-07-31,27.5,6.8,4.3
2014-08-01,27.4,6.8,2.8
2014-08-02,26.4,4.6,2.2
2014-08-03,24.1,4.8,2.9
2014-08-04,23.6,8.5,5.4
2014-08-05,25,8.2,3.1
2014-08-06,26.7,5,1.4
2014-08-07,20.5,7.9,3.7
2014-08-08,21.2,6.6,4.5
2014-08-09,21.3,10.1,7.1
2014-08-10,21,13,7.7
2014-08-11,22.1,9.9,3.7
2014-08-12,23.7,4.3,1.7
2014-08-13,22.8,4.8,2.8
2014-08-14,20.4,5.5,2.4
2014-08-15,20.9,5.9,3.8
2014-08-16,21.3,6,3.4
2014-08-17,21.1,5.4,3.3
2014-08-18,20.6,10.9,4.8
2014-08-19,22.2,5.2,1.5
2014-08-20,22.5,5.4,1.5
2014-08-21,22.4,9.9,5.4
2014-08-22,23.6,10.2,4.7
2014-08-23,24.5,7.4,3
2014-08-24,24.2,4.6,2.4
2014-08-25,21.3,8.2,4.2
2014-08-26,20.3,8.6,6.1
2014-08-27,19.6,6.8,4.9
2014-08-28,19.3,6.2,3.9
2014-08-29,19.4,5.3,3.3
2014-08-30,19.4,6.3,4
2014-08-31,19.6,5.5,3.3
2014-09-01,20.6,5.6,3.3
2014-09-02,20.6,5.6,2.6
2014-09-03,21.8,8.6,4.6
2014-09-04,22.6,8,3.1
2014-09-05,23.2,5.2,2.4
2014-09-06,22.1,4.4,2.2
2014-09-07,22,4.2,1.5
2014-09-08,22.3,5,2.5
2014-09-09,22.4,5.7,3
2014-09-10,20.4,6,3.2
2014-09-11,20.1,5,2.3
2014-09-12,20,4.1,2.1
2014-09-13,19.5,5.3,3.7
2014-09-14,20.2,4.4,2.1
2014-09-15,21.2,3,1.7
2014-09-16,20.3,7.2,3.5
2014-09-17,18.8,3.9,2
2014-09-18,20.1,4.7,2.3
2014-09-19,20.3,4.6,3
2014-09-20,20.1,4.9,2.3
2014-09-21,20.4,2.2,1.2
2014-09-22,20.2,2.5,1.1
2014-09-23,20.7,2,1
2014-09-24,17.8,15,6.1
2014-09-25,17.9,10.6,6.9
2014-09-26,17.9,6.7,3.6
2014-09-27,20,5.6,3.1
2014-09-28,19.9,6.3,3.6
2014-09-29,19,6.2,2.7
2014-09-30,14.6,11.7,7.2
2014-10-01,14.9,7,3.1
2014-10-02,17.1,6.3,2.7
2014-10-03,17.7,8.7,5
2014-10-04,14.5,9.3,7.3
2014-10-05,15.6,10.2,6.8
2014-10-06,15.2,10.7,7.7
2014-10-07,15.4,6.5,3.1
2014-10-08,16.7,3.6,1.5
2014-10-09,17.1,5.8,2
2014-10-10,16.4,8.8,5.3
2014-10-11,16.2,7.5,4.9
2014-10-12,17.5,6.7,4.4
2014-10-13,14.3,15.7,11.2
2014-10-14,11.3,11.1,5.4
2014-10-15,13.8,3.4,1.6
2014-10-16,15.1,7.6,3.4
2014-10-17,15.3,5.6,2.9
2014-10-18,16.7,4.9,1.7
2014-10-19,17.5,6.1,3.9
2014-10-20,17.3,8.6,4.5
2014-10-21,13.5,10.7,7.7
2014-10-22,10.8,11.7,7.6
2014-10-23,12.1,5,2.6
2014-10-24,16.5,6.3,4.9
2014-10-25,18.2,6.9,5.1
2014-10-26,19,6.6,4.3
2014-10-27,11.5,10.7,5.1
2014-10-28,11.5,5.7,2
2014-10-29,14,3.4,2.2
2014-10-30,14.6,3,1.5
2014-10-31,14.6,3.3,1.3
2014-11-01,15.2,7.5,4
2014-11-02,13.6,7.6,4.5
2014-11-03,9.6,6.4,2.6
2014-11-04,12.4,4.9,2.3
2014-11-05,14.3,5.8,4
2014-11-06,14.2,9.6,4.1
2014-11-07,10,9.9,4.5
2014-11-08,13.5,4.1,1.7
2014-11-09,12.8,7.7,3.2
2014-11-10,11.9,3.8,1.7
2014-11-11,12.9,7,3
2014-11-12,10.6,10.1,5.8
2014-11-13,3.5,8.1,3.9
2014-11-14,6.4,6.8,2.9
2014-11-15,7.4,6,2.4
2014-11-16,9.8,4.5,1.7
2014-11-17,7.2,8.4,3
2014-11-18,7.2,5.6,1.8
2014-11-19,8.8,4.1,2
2014-11-20,10.7,5.5,3.1
2014-11-21,12.3,7.2,4.9
2014-11-22,14,6.3,3
2014-11-23,11.3,7,2.9
2014-11-24,11.9,8.7,2.7
2014-11-25,9.1,13.3,7.1
2014-11-26,8.9,7.8,4.7
2014-11-27,10.7,3.2,1.4
2014-11-28,12.1,7.1,1.7
2014-11-29,10.8,7.6,5.1
2014-11-30,11.1,6.7,2.3
2014-12-01,5.2,10.2,5.3
2014-12-02,-1.7,9.2,4.7
2014-12-03,2.3,10,5.9
2014-12-04,1.4,8.4,4.2
2014-12-05,-0.6,6.8,3.4
2014-12-06,0.2,8.1,3.5
2014-12-07,0.7,5.9,2.2
2014-12-08,3.4,5.3,2.4
2014-12-09,3.4,8.1,3.1
2014-12-10,7.1,10.3,3.4
2014-12-11,4.4,7.6,3.3
2014-12-12,2,7.7,3.2
2014-12-13,-1.5,6.5,3
2014-12-14,0,5.4,2.5
2014-12-15,3.8,5,2.4
2014-12-16,1.3,10.2,4.7
2014-12-17,-5.4,8.8,3.9
2014-12-18,-2.3,7.8,3.1
2014-12-19,3,7.2,4.3
2014-12-20,5.2,9.4,5.3
2014-12-21,-0.6,8.2,4
2014-12-22,0.4,9.9,3.9
2014-12-23,4.7,6.9,3.2
2014-12-24,5.6,7.8,3.7
2014-12-25,1.2,6.8,3.6
2014-12-26,1.8,4.5,2.5
2014-12-27,4,5,1.7
2014-12-28,5.9,7.4,2.8
2014-12-29,5.9,5.9,2.7
2014-12-30,5.9,7.8,3.8
2014-12-31,1.8,7.9,3.1
2015-01-01,-3.7,11.6,4.9
2015-01-02,-2,12.1,4
2015-01-03,1.7,5.6,3.3
2015-01-04,5,5.6,2.4
2015-01-05,6.9,9.4,3.4
2015-01-06,2.9,8.8,4.6
2015-01-07,-0.7,7,3.1
2015-01-08,1.7,4.1,1.5
2015-01-09,1.9,4.5,2.4
2015-01-10,3.4,4.2,2.1
2015-01-11,0.8,11.4,5.4
2015-01-12,0.4,8.3,4.9
2015-01-13,3.4,4.7,2.5
2015-01-14,5.8,3.7,2.1
2015-01-15,3.1,11.9,5.5
2015-01-16,3.5,10.4,4.3
2015-01-17,-0.1,11.6,4.2
2015-01-18,3.6,6.6,3
2015-01-19,4,7.6,3.3
2015-01-20,4.7,4.4,2
2015-01-21,5.9,5.8,2.6
2015-01-22,2.2,15.1,8.7
2015-01-23,1.7,9.7,3.9
2015-01-24,4.1,5.7,2.6
2015-01-25,5.4,3.5,1.9
2015-01-26,7.5,7.6,2.8
2015-01-27,0.6,11.1,6.4
2015-01-28,-2.1,9.1,5.8
2015-01-29,0.7,4.4,2
2015-01-30,1.3,12.8,4
2015-01-31,-1.5,9.7,6
2015-02-01,0.8,4.3,1.5
2015-02-02,1.6,4.8,3
2015-02-03,2.5,5.4,3.2
2015-02-04,2,8,1.6
2015-02-05,0.2,12.3,7.9
2015-02-06,2.5,6,2.5
2015-02-07,4.3,5.9,2.6
2015-02-08,-2.8,13.2,5
2015-02-09,-3.5,7,3.2
2015-02-10,2.5,7.2,4
2015-02-11,4.4,7.1,3.7
2015-02-12,1.1,9.4,3.7
2015-02-13,-1.6,6.4,2.9
2015-02-14,4,8.9,4.9
2015-02-15,4.5,8.1,4
2015-02-16,3.1,5.4,3.2
2015-02-17,3.3,13.9,4
2015-02-18,1.7,9.3,6.3
2015-02-19,1,10.7,6.1
2015-02-20,2.5,6.1,2.6
2015-02-21,5.9,4.5,2.1
2015-02-22,8.7,11.2,5.8
2015-02-23,5,9.3,2
2015-02-24,4.1,5.9,2.5
2015-02-25,5.5,3.4,1.8
2015-02-26,6.2,8.5,5
2015-02-27,-0.7,11.7,5
2015-02-28,2.8,8.2,2.8
2015-03-01,3.6,6,2.7
2015-03-02,4.4,7.1,3.1
2015-03-03,4.8,7.8,4.1
2015-03-04,1.5,10.6,4.7
2015-03-05,0.4,7.5,4
2015-03-06,1.8,3.1,1.5
2015-03-07,3.7,2.6,1.6
2015-03-08,5.8,3.6,1.5
2015-03-09,5.8,11.1,3.2
2015-03-10,-2.7,14.3,4.8
2015-03-11,1.7,8.6,4
2015-03-12,2.7,9,4
2015-03-13,4.5,5.4,2.3
2015-03-14,4.6,5.5,2.3
2015-03-15,9,6.7,4.6
2015-03-16,10.2,6.6,3.4
2015-03-17,12.6,8.5,2.8
2015-03-18,7.6,8.7,6.1
2015-03-19,7.4,9.1,4.4
2015-03-20,8.6,6.1,3
2015-03-21,10.3,5.9,3.1
2015-03-22,10.1,11.6,
2015-03-23,3.5,9.3,4.6
2015-03-24,4,7.5,3.6
2015-03-25,6.1,6.3,2.4
2015-03-26,9.7,7.8,3.6
2015-03-27,12.2,8.1,3.5
2015-03-28,13.3,9.9,3.5
2015-03-29,11.8,7.6,3.5
2015-03-30,11.4,8.1,5
2015-03-31,13.8,9.5,4.3
2015-04-01,7.3,12.1,
2015-04-02,8.8,7.9,2.7
2015-04-03,10.8,14.2,7.7
2015-04-04,6.7,7.3,4
2015-04-05,8.1,5.6,2.3
2015-04-06,6.7,7.6,3.7
2015-04-07,3.4,9.9,5.8
2015-04-08,4.7,5.5,2.9
2015-04-09,6.2,2.6,1.3
2015-04-10,7.9,3.9,2.3
2015-04-11,8.5,4.6,2.8
2015-04-12,9.1,9.6,3.9
2015-04-13,7.9,9.4,7
2015-04-14,8.1,7.5,4
2015-04-15,10,7.9,3.7
2015-04-16,12.6,12.7,6.1
2015-04-17,11.6,11.4,5.9
2015-04-18,15,12.4,5.8
2015-04-19,13.4,8.4,3.8
2015-04-20,8.3,15.4,5.4
2015-04-21,10.1,10.8,4.4
2015-04-22,13.8,10.3,2.6
2015-04-23,16.3,11.6,5.8
2015-04-24,14.9,10.5,3.2
2015-04-25,14.5,8.8,3.7
2015-04-26,20.1,10.2,4.8
2015-04-27,21,8.3,4.9
2015-04-28,18,8.3,5
2015-04-29,16.5,6,2.7
2015-04-30,16.8,4.5,2.3
2015-05-01,18.7,5.6,4.3
2015-05-02,19.7,6.9,5.2
2015-05-03,16.8,6.4,3.5
2015-05-04,15.4,12,6.1
2015-05-05,15.2,8.8,5.2
2015-05-06,16.1,7.5,2.6
2015-05-07,17.2,9.3,3.1
2015-05-08,16.3,5.6,2.5
2015-05-09,15.9,8.6,4.7
2015-05-10,12.4,6.2,2.8
2015-05-11,13.9,5.7,2.8
2015-05-12,14.3,10.3,6.4
2015-05-13,16.6,11.8,9.6
2015-05-14,19.2,14.4,8.6
2015-05-15,15.8,6.6,2
2015-05-16,14,7.1,2.8
2015-05-17,20.4,10,4.1
2015-05-18,16.1,10,5.6
2015-05-19,18.9,8.6,3.5
2015-05-20,15.2,6.3,2.7
2015-05-21,19.4,10.2,4.7
2015-05-22,23.6,9.8,7
2015-05-23,22,7.9,3.1
2015-05-24,21.6,6.2,2.1
2015-05-25,19.2,4.6,3.6
2015-05-26,21.3,7.2,3.7
2015-05-27,21.6,11.5,3.8
2015-05-28,17.9,6.8,2.4
2015-05-29,21.8,5.6,4.3
2015-05-30,19.4,7.1,2.5
2015-05-31,18.8,7.1,3
2015-06-01,19.9,7.6,5.5
2015-06-02,20.5,6.3,3.6
2015-06-03,20,19.1,8
2015-06-04,20.1,5.6,2.8
2015-06-05,15.9,9,4.1
2015-06-06,16.6,4.4,1.9
2015-06-07,17.9,5.4,3.7
2015-06-08,18.6,6.2,3.8
2015-06-09,19.6,5.5,2.7
2015-06-10,22.3,7.5,3.3
2015-06-11,19.1,4.9,2.3
2015-06-12,21.3,9.1,3.9
2015-06-13,19.4,9.6,2.8
2015-06-14,20.8,8.2,2.8
2015-06-15,20.2,3.8,1.6
2015-06-16,20.2,5.8,3
2015-06-17,19.6,4.8,2.9
2015-06-18,18.7,6.7,4.6
2015-06-19,18.2,9.1,3.9
2015-06-20,17.9,3.1,0.9
2015-06-21,19.1,3.9,1.5
2015-06-22,20.4,4.7,2.7
2015-06-23,20.6,2.6,1.5
2015-06-24,21,3,1.5
2015-06-25,20.4,4.1,2.4
2015-06-26,19.5,17.8,5.9
2015-06-27,17.4,12.6,6.1
2015-06-28,16.8,9.4,2.9
2015-06-29,18.9,7,4.6
2015-06-30,20.8,6.8,2.3
2015-07-01,20.6,8.2,3.5
2015-07-02,21.7,9.3,4.1
2015-07-03,21.4,5.6,2.1
2015-07-04,19.4,2.9,1.3
2015-07-05,19.2,3.9,1.8
2015-07-06,19.9,4,1.9
2015-07-07,19.7,2.6,1
2015-07-08,18,7.7,5.3
2015-07-09,19.2,6.1,4.3
2015-07-10,19.7,5,2.2
2015-07-11,21.6,7.1,2.6
2015-07-12,23.3,6.5,4.3
2015-07-13,20.8,11.8,8.4
2015-07-14,23.9,11.8,5.8
2015-07-15,22.2,9.3,5.9
2015-07-16,17.2,12.8,9.5
2015-07-17,17.3,16.8,10.8
2015-07-18,20.1,3,1.1
2015-07-19,20.3,4.5,2.5
2015-07-20,22.1,5.5,2.8
2015-07-21,22.4,5.2,2.1
2015-07-22,22.3,4,1.8
2015-07-23,24.5,9.9,4.6
2015-07-24,22.9,11.6,8.5
2015-07-25,24.5,9.9,7.6
2015-07-26,26.1,9.5,6.3
2015-07-27,25.8,5.1,2.7
2015-07-28,27.4,4.9,1.7
2015-07-29,27.4,7.2,2.9
2015-07-30,29.5,6.3,3
2015-07-31,29.6,7.5,3.5
2015-08-01,26.9,4.4,2.5
2015-08-02,27,7,3.9
2015-08-03,28.7,8.1,5.8
2015-08-04,28,7.4,4.9
2015-08-05,28.4,7.4,4.4
2015-08-06,26,5.8,3.1
2015-08-07,26.6,4.4,1.8
2015-08-08,26.4,2.3,1.2
2015-08-09,25.9,4.4,2
2015-08-10,26.1,4.3,1.8
2015-08-11,25.9,4.6,1.6
2015-08-12,24.7,8.9,3.6
2015-08-13,24.6,4.1,1.6
2015-08-14,23.9,3.8,1.1
2015-08-15,24.1,3.4,1.4
2015-08-16,24.6,5.3,2.3
2015-08-17,24,8.4,4.4
2015-08-18,24.1,8.2,5.3
2015-08-19,24,4.3,1.5
2015-08-20,24.5,4.2,1.8
2015-08-21,21.5,6.7,3.6
2015-08-22,23.7,3.4,1.2
2015-08-23,23.9,3.5,1.5
2015-08-24,22.8,9.9,5.6
2015-08-25,20.1,25.3,14.9
2015-08-26,17.4,22.6,8.1
2015-08-27,22.2,10.5,6.7
2015-08-28,23.8,5.1,2.2
2015-08-29,22.6,3.3,1.7
2015-08-30,21.9,3,1.1
2015-08-31,22.5,4.6,1.7
2015-09-01,20.6,11.9,7
2015-09-02,21.7,5,2.1
2015-09-03,22.1,5.6,2.2
2015-09-04,21,6.5,3.6
2015-09-05,19.5,4.9,2.2
2015-09-06,17.7,10.1,7.1
2015-09-07,18.5,9.8,7.1
2015-09-08,19,10,8.1
2015-09-09,18.4,14.4,11.2
2015-09-10,19.6,14,5.9
2015-09-11,20.6,4.9,2.1
2015-09-12,17.2,5.9,3.7
2015-09-13,17.9,5.2,1.8
2015-09-14,18.8,3.1,1.3
2015-09-15,18.6,6.3,3.9
2015-09-16,18.9,6.5,4.1
2015-09-17,18.1,9.6,6.7
2015-09-18,18.7,9,5.9
2015-09-19,18.5,5.4,2.7
2015-09-20,19.2,2.9,1.5
2015-09-21,19.9,3.1,1.7
2015-09-22,20.1,2.6,1.4
2015-09-23,20.3,2.9,1.5
2015-09-24,19.6,6.9,3.9
2015-09-25,19.1,7,4.7
2015-09-26,19.2,4.5,1.3
2015-09-27,19.5,5.4,2.3
2015-09-28,19.9,7.7,4.6
2015-09-29,17.7,8.9,4.2
2015-09-30,17.5,5,2.3
2015-10-01,19.5,12.9,4.3
2015-10-02,16.4,14.1,6.3
2015-10-03,19,11.5,7
2015-10-04,16.3,8.9,3
2015-10-05,16.2,3.3,1.6
2015-10-06,16.9,3.4,2.4
2015-10-07,17,3.1,1.6
2015-10-08,17.4,4,1.8
2015-10-09,17.7,10.5,4
2015-10-10,16.6,10,3.5
2015-10-11,13.9,9.3,5.9
2015-10-12,13.6,6.9,3
2015-10-13,16.2,6,2.9
2015-10-14,16.4,7.3,2.7
2015-10-15,16.5,3.6,2
2015-10-16,17.4,3.1,1.3
2015-10-17,16.7,4.9,2.1
2015-10-18,17.9,8.6,3.9
2015-10-19,16.7,8.3,4.1
2015-10-20,16.7,9.7,4.7
2015-10-21,17,9.7,3.9
2015-10-22,13.5,9.7,4.5
2015-10-23,16.4,5.8,3.4
2015-10-24,17,12.4,5.6
2015-10-25,11.5,10.8,5
2015-10-26,13.2,3.9,1.8
2015-10-27,15,9.2,4.7
2015-10-28,12.1,8.5,3.8
2015-10-29,10.4,8.3,3.5
2015-10-30,8.8,5.7,2.6
2015-10-31,8.6,5.5,2.2
2015-11-01,10.7,3.6,1.4
2015-11-02,12.4,6,2.4
2015-11-03,13.7,4.2,1.8
2015-11-04,15,7.5,5.1
2015-11-05,15.5,7.5,4.6
2015-11-06,12.3,10.8,7.3
2015-11-07,12.6,10.7,6.6
2015-11-08,13.2,13,7.6
2015-11-09,11.4,10.5,5.7
2015-11-10,10.5,9.1,5.3
2015-11-11,9.5,9,5.4
2015-11-12,11.2,5.8,4.3
2015-11-13,12.3,11.5,5
2015-11-14,15.3,11.2,3.9
2015-11-15,13.6,5.2,2.6
2015-11-16,13.9,3.6,1.3
2015-11-17,12.4,10.1,5.5
2015-11-18,7.7,13.5,10.6
2015-11-19,8.7,9.3,3.9
2015-11-20,11.6,6,2.6
2015-11-21,12,5.2,1.7
2015-11-22,10.3,14.5,6.4
2015-11-23,11.4,9.1,4.4
2015-11-24,4.8,13.7,8.6
2015-11-25,5.5,10.4,5.3
2015-11-26,3.2,10.8,5.4
2015-11-27,3.7,8.3,4.1
2015-11-28,4.3,7.4,2.7
2015-11-29,6.4,6.4,1.7
2015-11-30,8.1,8.5,4.9
2015-12-01,7.8,4.8,1.5
2015-12-02,11.6,10.2,3.9
2015-12-03,4.1,11.8,6.6
2015-12-04,3.8,11.9,7.7
2015-12-05,6.3,8.6,4
2015-12-06,6.3,4,1.5
2015-12-07,6.4,8.3,4.6
2015-12-08,6.3,5.8,2.8
2015-12-09,10.3,3.8,2.2
2015-12-10,11.1,5,2
2015-12-11,5.2,18.1,11.6
2015-12-12,4.9,5.9,3.7
2015-12-13,5.6,8,4.7
2015-12-14,6.2,5.1,2.3
2015-12-15,7.6,11.1,3.3
2015-12-16,3.3,8.3,4.2
2015-12-17,-0.5,8.3,3.7
2015-12-18,2.9,6.2,3.1
2015-12-19,4.4,6.9,3
2015-12-20,7.4,7,2.9
2015-12-21,6.9,3,1.3
2015-12-22,7.8,4.4,1.8
2015-12-23,8.8,7.4,2.4
2015-12-24,6.9,7,2.9
2015-12-25,3.2,9.1,3.8
2015-12-26,4.6,7.7,4.9
2015-12-27,-1.9,9.5,6.5
2015-12-28,0.6,4.3,2.1
2015-12-29,1.9,4.7,1.5
2015-12-30,3.6,3.1,1.5
2015-12-31,3.6,8.6,3.7
2016-01-01,5.4,7.8,3.1
2016-01-02,7.8,8.1,3.4
2016-01-03,8.2,5.1,2.1
2016-01-04,6.4,6.9,3.2
2016-01-05,3.1,5.2,2.3
2016-01-06,3.4,6.1,2.3
2016-01-07,2.4,5.8,2.2
2016-01-08,2,4.2,1.8
2016-01-09,2.6,6.5,2.8
2016-01-10,2.7,5.6,2.5
2016-01-11,1.1,9.6,5
2016-01-12,0.2,5.8,2.4
2016-01-13,0.7,6.2,2.8
2016-01-14,-0.5,5.4,2.7
2016-01-15,0.7,6.9,2.5
2016-01-16,1.2,6.9,3.3
2016-01-17,3.6,4.7,2.3
2016-01-18,1.7,10.4,5.3
2016-01-19,-5.5,12.3,5.8
2016-01-20,-0.7,11.7,5.7
2016-01-21,-1.1,9.8,5.9
2016-01-22,-2.1,9.9,6
2016-01-23,-4,9.4,4.3
2016-01-24,-6.8,11.5,5.8
2016-01-25,-2.3,5,2.1
2016-01-26,0.8,5.9,3.2
2016-01-27,2.7,6.7,3.7
2016-01-28,2.8,6.9,3.5
2016-01-29,2.2,13,8.5
2016-01-30,0.1,12.7,6.5
2016-01-31,1.1,9.9,4.4
2016-02-01,-0.3,8,5.2
2016-02-02,-1.1,7.9,5.2
2016-02-03,0.2,5.5,2.6
2016-02-04,2.3,6.3,1.9
2016-02-05,1.7,6.3,2.3
2016-02-06,-0.5,10.3,5.5
2016-02-07,0.2,7.8,3.1
2016-02-08,2.6,10,4.9
2016-02-09,2,10.3,5.4
2016-02-10,2.8,4.9,1.9
2016-02-11,5.8,4.1,2.6
2016-02-12,8.5,8.6,4.9
2016-02-13,11.2,9.6,5
2016-02-14,2.8,15.3,5.9
2016-02-15,-2.7,9,4.4
2016-02-16,-0.7,8.1,3.6
2016-02-17,0.3,8.8,4.3
2016-02-18,4.1,9.3,4.1
2016-02-19,5.6,10.2,4.6
2016-02-20,3,10.8,6.5
2016-02-21,0.5,7.9,2.7
2016-02-22,3.4,5.8,2.1
2016-02-23,3.1,9.8,4.5
2016-02-24,-1.9,11,5.5
2016-02-25,0.1,6.5,2.7
2016-02-26,2.1,8.4,3.2
2016-02-27,2.6,9.1,3.3
2016-02-28,4,18,3.6
2016-02-29,-2.2,10.5,5.7
2016-03-01,-0.3,6.6,3.3
2016-03-02,4.7,12.7,5.6
2016-03-03,7.6,12.7,3.4
2016-03-04,9.9,4.5,1.5
2016-03-05,10.1,9,3.5
2016-03-06,9.6,10.7,4.9
2016-03-07,7,7.8,3.6
2016-03-08,6,13.3,5.4
2016-03-09,1,9,6.8
2016-03-10,0,7.3,3.7
2016-03-11,-0.1,7.9,3.3
2016-03-12,2.4,4.7,2
2016-03-13,5.5,5.7,2.6
2016-03-14,3.2,9.3,5.2
2016-03-15,5.6,7.8,3.3
2016-03-16,10.5,9.1,5.8
2016-03-17,11.9,7.3,3
2016-03-18,11.5,9.6,5.8
2016-03-19,7.4,14.7,7.5
2016-03-20,4.6,9.4,5.8
2016-03-21,6.5,7.1,3.7
2016-03-22,9.6,9.5,5.3
2016-03-23,5.1,8.8,6.7
2016-03-24,3.9,8.3,5.9
2016-03-25,3.6,6.7,2.7
2016-03-26,5.9,5.3,3
2016-03-27,8.3,5.5,3.4
2016-03-28,10.4,5.9,2.8
2016-03-29,11.8,12.6,8.1
2016-03-30,12.8,11.2,4.5
2016-03-31,12.5,5.8,3.3
2016-04-01,12,4.8,2.8
2016-04-02,13.6,9.5,3.3
2016-04-03,9.8,10.2,6.1
2016-04-04,8.1,8.5,4.2
2016-04-05,13,9.5,5.5
2016-04-06,14.3,10.4,4.5
2016-04-07,10,10.5,5.3
2016-04-08,14.8,10.4,5.9
2016-04-09,17.4,10.6,8
2016-04-10,8.6,13.2,7.8
2016-04-11,5.9,9.6,4
2016-04-12,9,7.5,3.2
2016-04-13,12.2,9.1,6.2
2016-04-14,13.6,12,4.4
2016-04-15,10.7,9.6,4.4
2016-04-16,13.5,8.6,5.3
2016-04-17,13.4,13.7,6.7
2016-04-18,12.1,11,4.5
2016-04-19,10.4,9.4,3.3
2016-04-20,12.5,8.7,5.9
2016-04-21,12.8,7.3,2.8
2016-04-22,15.6,10.9,5.6
2016-04-23,14.3,14.8,4.9
2016-04-24,13.4,4.3,1.9
2016-04-25,14.3,6.6,4.6
2016-04-26,14.3,7.9,4.3
2016-04-27,10.4,10.7,7.2
2016-04-28,10.2,11.9,8.3
2016-04-29,12.4,10.8,3.8
2016-04-30,15.5,10.7,5.5
2016-05-01,18.9,9.7,4.5
2016-05-02,19.7,9.8,5.4
2016-05-03,14,14.3,7.2
2016-05-04,15.2,14.6,8.3
2016-05-05,17.1,8.8,4
2016-05-06,15.6,11.5,7.3
2016-05-07,17.4,14.4,4.9
2016-05-08,16.6,4.6,2.2
2016-05-09,16.4,4.1,1.7
2016-05-10,13,14.2,5.8
2016-05-11,12,13.3,4.7
2016-05-12,16.1,8.2,6.2
2016-05-13,14.1,9.9,6.1
2016-05-14,13.1,7,3.6
2016-05-15,16,8.9,5
2016-05-16,13.7,11.3,4.2
2016-05-17,18.5,8.1,3.3
2016-05-18,20,6.1,4.3
2016-05-19,19.6,4.7,2.6
2016-05-20,18.2,5.6,3.4
2016-05-21,19.1,5.8,3.7
2016-05-22,18.7,4.5,2.7
2016-05-23,18.3,5.5,2.6
2016-05-24,17.4,9.7,5.4
2016-05-25,19.5,8.8,3.5
2016-05-26,21.7,4.1,1.6
2016-05-27,19,9.8,3.8
2016-05-28,19.7,6.7,4.1
2016-05-29,19.3,7.2,3.9
2016-05-30,18.5,6.9,2.8
2016-05-31,19.1,9.8,4.9
2016-06-01,17.4,6.8,3
2016-06-02,18.2,6.7,2.9
2016-06-03,20.3,9.3,5.4
2016-06-04,20.4,9.1,5.9
2016-06-05,19.6,5.5,2.5
2016-06-06,17.7,6,2.8
2016-06-07,19.1,2.8,1.1
2016-06-08,19.4,3.4,1.5
2016-06-09,18.9,5.6,3
2016-06-10,19.6,4.8,2.4
2016-06-11,22.2,8.6,4.8
2016-06-12,22,8.4,4.7
2016-06-13,19.9,8.3,3.7
2016-06-14,18.7,4.8,2.3
2016-06-15,19.9,7.6,3.4
2016-06-16,21.3,8.4,3.7
2016-06-17,23.4,7.5,3.9
2016-06-18,22.4,7.5,4.2
2016-06-19,22,7.3,3.3
2016-06-20,20.7,5.4,2.6
2016-06-21,19.8,7.2,3.7
2016-06-22,20.6,6.8,2.9
2016-06-23,20.8,4.6,2.1
2016-06-24,19.5,12,4.4
2016-06-25,20.9,9.3,3.3
2016-06-26,21.4,5.1,2
2016-06-27,21.5,5.7,3.5
2016-06-28,21.7,6.3,2.5
2016-06-29,21.7,2.8,1.2
2016-06-30,23.5,7.2,3.8
2016-07-01,23.9,8.6,6.2
2016-07-02,22.8,9.6,4.5
2016-07-03,23.2,5.3,2
2016-07-04,19.3,6.6,3.6
2016-07-05,22,11.7,5.4
2016-07-06,20.8,11.1,2.8
2016-07-07,19.3,3.6,1.5
2016-07-08,22.7,6,3.3
2016-07-09,23.7,6.5,3.3
2016-07-10,23.1,6.9,4.2
2016-07-11,23.9,4.2,2.5
2016-07-12,24,4.7,2.8
2016-07-13,23.9,4.7,1.7
2016-07-14,20.9,12.7,5.5
2016-07-15,20.8,11.3,5.8
2016-07-16,18.9,5.9,3.4
2016-07-17,21.4,4.4,1.5
2016-07-18,22.3,3.2,1.3
2016-07-19,20.6,6.5,2.6
2016-07-20,20.9,6.2,3.3
2016-07-21,20.6,4.3,2.5
2016-07-22,21.5,4.3,2.3
2016-07-23,22.2,3.1,1.5
2016-07-24,23.2,5.2,3.5
2016-07-25,25.2,4,1.7
2016-07-26,25.7,6.5,2.3
2016-07-27,28.1,8.1,5.7
2016-07-28,26.2,8.4,6.3
2016-07-29,26.7,7.8,3.3
2016-07-30,27.2,6.2,2.4
2016-07-31,26.8,3.8,2
2016-08-01,24.9,4.8,1.8
2016-08-02,24.9,6.1,1.8
2016-08-03,24.8,3.2,1.1
2016-08-04,25.2,4.9,1.8
2016-08-05,25.5,3.1,1.2
2016-08-06,26.1,3.6,1.9
2016-08-07,27.4,5.5,3.3
2016-08-08,26.5,6.7,3.5
2016-08-09,24.5,8,3.8
2016-08-10,25.7,5.1,2.7
2016-08-11,26,5.9,3.5
2016-08-12,26.8,4.8,2.8
2016-08-13,27,5.5,3.5
2016-08-14,28.5,2.6,1.3
2016-08-15,26.5,7.8,3.9
2016-08-16,25.1,7.3,3.3
2016-08-17,25.6,6.4,3.6
2016-08-18,26.3,3,1.5
2016-08-19,26.7,4.6,1.9
2016-08-20,25.8,6.9,4.4
2016-08-21,26.1,6.6,5.2
2016-08-22,25.3,7.1,5.1
2016-08-23,24.3,7.1,3.5
2016-08-24,25.3,3.9,1.7
2016-08-25,26.3,7.3,2.8
2016-08-26,18.8,15.8,9.7
2016-08-27,21.3,8.7,5.3
2016-08-28,18.6,12.5,7.2
2016-08-29,17.7,17.7,13.3
2016-08-30,17.1,13.6,7.4
2016-08-31,20.2,14.1,10.7
2016-09-01,23.1,11.5,7.4
2016-09-02,21.1,6.4,2.7
2016-09-03,21.1,7.7,3.8
2016-09-04,23.5,5.1,1.8
2016-09-05,22.7,3.5,1.1
2016-09-06,22.1,5.4,2.1
2016-09-07,22.8,4.7,1.9
2016-09-08,20.7,8,2.7
2016-09-09,19.7,4.5,2.7
2016-09-10,19.9,4.2,2.7
2016-09-11,21.3,5.7,3.1
2016-09-12,19.7,4,2.2
2016-09-13,20.1,7.6,4.6
2016-09-14,20.4,2.9,1.2
2016-09-15,20.9,3.4,1.4
2016-09-16,22.2,5.7,3.1
2016-09-17,19.4,9.4,4.2
2016-09-18,19.3,10.5,8.4
2016-09-19,18.2,11.1,8.8
2016-09-20,18.2,13.6,9.5
2016-09-21,19,6.7,4.8
2016-09-22,18.6,6.9,3.1
2016-09-23,19.4,3.3,1.3
2016-09-24,19.7,2.7,1.2
2016-09-25,20.4,4,2.7
2016-09-26,21.9,4.2,1.4
2016-09-27,21.9,3.6,1.9
2016-09-28,19.1,9.7,5.5
2016-09-29,15.8,9.6,6.3
2016-09-30,16.8,3.3,1.8
2016-10-01,18.2,3.4,1.6
2016-10-02,20.1,4.3,2
2016-10-03,21.9,8.8,4
2016-10-04,18.7,12.3,5.7
2016-10-05,16.9,14.5,6.5
2016-10-06,16.1,7.4,4.1
2016-10-07,16.9,5.1,2.5
2016-10-08,18.1,6.9,3.8
2016-10-09,13.2,10,5
2016-10-10,13.3,3.8,1.8
2016-10-11,15.7,5.4,3.1
2016-10-12,14,10,4.7
2016-10-13,15.1,4.9,1.9
2016-10-14,17.6,6.2,2.4
2016-10-15,17.8,3.6,2.1
2016-10-16,17.7,6.4,2.4
2016-10-17,18.7,4.1,1.7
2016-10-18,16.3,6.5,3.1
2016-10-19,17.5,8.5,2.6
2016-10-20,15,12.2,6.8
2016-10-21,12.7,8.9,4.7
2016-10-22,14.8,10.2,3.6
2016-10-23,10.9,14,9.2
2016-10-24,12.7,6.1,2.5
2016-10-25,15.5,10.1,3.8
2016-10-26,15.4,9,2.3
2016-10-27,13.4,8.9,3.5
2016-10-28,13.7,13.5,4.3
2016-10-29,9.7,12.4,6.4
2016-10-30,10.6,8.8,3.9
2016-10-31,11.6,8.1,4.2
2016-11-01,6.6,11.4,5.4
2016-11-02,8.3,9,3.5
2016-11-03,9.9,7.5,4.1
2016-11-04,13.5,7.4,4.4
2016-11-05,14.2,12.3,6.7
2016-11-06,7.5,12.9,7.8
2016-11-07,11.5,7.8,2.4
2016-11-08,7.3,11.3,7.7
2016-11-09,4.1,10.2,5
2016-11-10,8.5,3.7,2.2
2016-11-11,11,8.3,4
2016-11-12,13.4,8.4,3.9
2016-11-13,14.6,8,2.8
2016-11-14,16.5,8.3,3.9
2016-11-15,9.6,13.3,7
2016-11-16,10.7,7.7,2.8
2016-11-17,10.6,5.1,2.1
2016-11-18,13.6,6.2,3.4
2016-11-19,13.5,6.8,2.7
2016-11-20,11.9,9.1,4.3
2016-11-21,12.1,4.1,1.3
2016-11-22,6,13.6,8
2016-11-23,2.9,11.8,5.9
2016-11-24,3.6,10.8,4.6
2016-11-25,4.5,7.3,2.4
2016-11-26,6.4,9.6,3.7
2016-11-27,7.7,4.6,2.2
2016-11-28,5.3,7.2,2.8
2016-11-29,5.1,9.9,5.1
2016-11-30,7.5,9.1,3.6
2016-12-01,8.1,8,3.8
2016-12-02,8,8,2.7
2016-12-03,11.4,8.7,3.5
2016-12-04,11.8,8.2,5.3
2016-12-05,11,9.7,4.2
2016-12-06,3.1,9.4,3.1
2016-12-07,6.2,7.3,3.9
2016-12-08,6.8,8,3.9
2016-12-09,6,9,5.3
2016-12-10,1.8,8.7,4.3
2016-12-11,3.4,7.4,3.6
2016-12-12,8.1,7.6,4.2
2016-12-13,7.1,11.7,5.9
2016-12-14,0.2,13.4,9.8
2016-12-15,-0.3,10.5,5.5
2016-12-16,1.4,8.4,3.8
2016-12-17,5.3,4.6,2.6
2016-12-18,8.3,5.4,2.4
2016-12-19,9.9,7,2.8
2016-12-20,10.1,7,3.8
2016-12-21,10.4,3,1.6
2016-12-22,11,13.3,6.6
2016-12-23,3.3,11,4.7
2016-12-24,3,10.2,6.8
2016-12-25,6.9,4.3,2
2016-12-26,7.8,7.6,4.1
2016-12-27,0.3,13.6,10.7
2016-12-28,1.7,11.1,4.7
2016-12-29,1.3,6.1,3
2016-12-30,3.2,5.6,2.7
2016-12-31,5.2,6.3,1.7
2017-01-01,7,7.3,3.5
2017-01-02,8.8,6.6,3
2017-01-03,7,9.7,3.8
2017-01-04,6,8.7,4.4
2017-01-05,2.6,12,8.4
2017-01-06,3,6.5,2.6
2017-01-07,5.8,5.5,1.4
2017-01-08,7.2,7.2,4.5
2017-01-09,5.3,9.2,4.6
2017-01-10,3.2,7.8,3.7
2017-01-11,0.5,6.6,2.9
2017-01-12,2.8,9.2,4.2
2017-01-13,-0.7,8.9,3.7
2017-01-14,-5.3,12.4,5.9
2017-01-15,-0.4,9.5,5
2017-01-16,0.9,12.5,7.2
2017-01-17,3.3,6.6,2.9
2017-01-18,4,7.9,3.2
2017-01-19,3.5,5.7,2.5
2017-01-20,1,17.5,7.9
2017-01-21,0.7,8.7,3.8
2017-01-22,-1.8,9.7,4.5
2017-01-23,-3.2,10,5.1
2017-01-24,-1.8,7.5,4.7
2017-01-25,0.8,4.2,2.3
2017-01-26,3.7,11.8,5.8
2017-01-27,3.8,10.9,5
2017-01-28,3.5,4.6,2.4
2017-01-29,6.2,4.9,2.4
2017-01-30,0.3,14.9,6.4
2017-01-31,1.4,6.1,2.8
2017-02-01,1.1,9.6,3.4
2017-02-02,3.8,9.4,4.1
2017-02-03,5.2,6.5,2.8
2017-02-04,7.1,4.1,1.3
2017-02-05,6.1,8.3,3.7
2017-02-06,0.4,10.6,5.1
2017-02-07,0.6,7.6,4.3
2017-02-08,1.6,5.8,2.3
2017-02-09,-0.7,13.7,7.6
2017-02-10,-3.7,10.1,4.7
2017-02-11,-2.3,8.3,4
2017-02-12,0.4,6.6,2.9
2017-02-13,1.5,8.4,2.8
2017-02-14,1,7.7,3.8
2017-02-15,4.8,9.1,3.7
2017-02-16,8.6,13.4,7.8
2017-02-17,4.6,12.4,6
2017-02-18,0.4,8.7,4.4
2017-02-19,2.8,9.6,3.9
2017-02-20,2.8,11.4,6.8
2017-02-21,0.6,8.8,3.9
2017-02-22,5,5.1,1.4
2017-02-23,2.5,12.8,5.8
2017-02-24,1.8,6.2,2.3
2017-02-25,4.1,7.3,3.3
2017-02-26,3.2,7.3,3.4
2017-02-27,3.8,3.8,1.7
2017-02-28,6.1,5.6,3.2
2017-03-01,8.7,5.3,2.8
2017-03-02,3.1,13.3,6.8
2017-03-03,5.9,7.7,4.2
2017-03-04,6.6,7.2,3.3
2017-03-05,8.2,4.2,2.3
2017-03-06,1.3,9.5,5.1
2017-03-07,-0.5,6.7,3.2
2017-03-08,1.1,6.4,2.7
2017-03-09,4.1,8.1,3.7
2017-03-10,4.1,7.2,2.6
2017-03-11,7.3,5.4,2.8
2017-03-12,9.3,6.7,3.9
2017-03-13,5.4,8.7,4.4
2017-03-14,3.9,12.2,7.4
2017-03-15,3.6,14.3,7.6
2017-03-16,5.6,4.5,2.1
2017-03-17,7.6,6.1,2.1
2017-03-18,10.2,8,3.6
2017-03-19,9.7,10,4.5
2017-03-20,9.4,5.5,3.5
2017-03-21,5.5,10.4,5.7
2017-03-22,7.3,5.8,3.2
2017-03-23,6.6,9.7,5.5
2017-03-24,5,6.2,2.1
2017-03-25,5.7,5.1,2.3
2017-03-26,6.8,4.1,1.9
2017-03-27,5.3,4.6,1.5
2017-03-28,7.2,8.1,3.2
2017-03-29,9.9,6.1,3.1
2017-03-30,9.3,9.6,5.6
2017-03-31,6.8,6.4,4.6
2017-04-01,7.1,4.2,1.8
2017-04-02,6.3,10.8,3.2
2017-04-03,11.6,11,5.9
2017-04-04,12.9,7.4,4
2017-04-05,13.5,10.2,5.2
2017-04-06,12.4,10.3,5.6
2017-04-07,13.2,6.5,3.1
2017-04-08,11.1,6,2.9
2017-04-09,9,10.8,7
2017-04-10,9.3,5.9,4.2
2017-04-11,8.8,11.9,5.7
2017-04-12,9,11.3,4.7
2017-04-13,12.1,9.3,4.4
2017-04-14,14.3,12.2,8.7
2017-04-15,17.9,12.8,6.9
2017-04-16,20.1,8.5,5.1
2017-04-17,13.8,17,6.8
2017-04-18,12.1,11.9,4.6
2017-04-19,11.4,6.8,2.7
2017-04-20,12.7,3.7,1.8
2017-04-21,11.3,10.9,4.7
2017-04-22,10.9,6.2,3.1
2017-04-23,12.9,7.5,5.4
2017-04-24,14.1,9.3,5.3
2017-04-25,16.3,11.7,7.5
2017-04-26,13.2,11.8,3.4
2017-04-27,12.5,6.4,3.5
2017-04-28,15.2,12.7,6.7
2017-04-29,16,12.2,5.8
2017-04-30,19.1,13.1,8.5
2017-05-01,14,9.7,5.2
2017-05-02,13.7,4.2,1.7
2017-05-03,15.1,6.4,3.2
2017-05-04,18.4,7.7,5.2
2017-05-05,19.9,12.5,5.4
2017-05-06,16.2,14.9,5.5
2017-05-07,17.3,10.4,6.2
2017-05-08,19.3,13.1,5.1
2017-05-09,15.1,10.5,3.2
2017-05-10,15.5,5.4,2.3
2017-05-11,19.1,9.3,4.5
2017-05-12,18.8,14.8,6.6
2017-05-13,15.3,12.7,2.8
2017-05-14,16.8,11.2,5.8
2017-05-15,15.1,8.8,4.3
2017-05-16,14.8,3.1,1.5
2017-05-17,15.2,4.4,2.3
2017-05-18,17.2,8.5,5.4
2017-05-19,22.5,7.1,3.8
2017-05-20,22.2,6.2,3.3
2017-05-21,22.9,8.3,5.3
2017-05-22,18.7,6.4,2.2
2017-05-23,17,4.7,1.7
2017-05-24,16.1,6.1,2.9
2017-05-25,16.2,18,6.3
2017-05-26,11.7,16.7,6.4
2017-05-27,14.8,6.8,2.9
2017-05-28,18.3,9.1,5.2
2017-05-29,22.4,8.5,2.9
2017-05-30,25.6,7.9,4.8
2017-05-31,21.7,7.6,4.1
2017-06-01,18.3,14.8,4.1
2017-06-02,15.1,11.3,4.2
2017-06-03,13.6,4.1,2.4
2017-06-04,16.5,5.2,1.6
2017-06-05,15.7,8.4,4.6
2017-06-06,15.8,5.4,1.8
2017-06-07,16.7,10,4
2017-06-08,20,12,4.9
2017-06-09,22.6,11.6,6.2
2017-06-10,17.9,11.8,3.9
2017-06-11,17,5.4,2.9
2017-06-12,14.6,7.5,4.8
2017-06-13,15.5,4.2,2.3
2017-06-14,19,7.5,3.8
2017-06-15,20.1,10.5,5.5
2017-06-16,16.3,7.4,3.1
2017-06-17,17.4,2.8,1.4
2017-06-18,18.3,5.4,2.3
2017-06-19,19.7,6,4.2
2017-06-20,21.3,6,3.9
2017-06-21,20.7,8.7,4.3
2017-06-22,21.7,8,3
2017-06-23,21.3,3.5,1.9
2017-06-24,20.8,3.9,2
2017-06-25,21.6,4.7,2.4
2017-06-26,21.3,4.4,1.8
2017-06-27,21,3.3,1.2
2017-06-28,20.9,2.4,1.3
2017-06-29,22.6,5.3,3.2
2017-06-30,23.7,6.6,5.1
2017-07-01,25.7,12.7,6.6
2017-07-02,24.6,11.4,7.5
2017-07-03,22.8,12.5,8.5
2017-07-04,22.4,12.7,2.5
2017-07-05,21.7,4.2,1.6
2017-07-06,23.1,4.7,2.8
2017-07-07,23.5,6.8,3.3
2017-07-08,25.1,11.5,6.6
2017-07-09,26.9,7.9,3.2
2017-07-10,23.5,10.9,8.3
2017-07-11,25,11.2,5.6
2017-07-12,26.8,5.5,1.9
2017-07-13,24.8,6.4,4.6
2017-07-14,25.3,8.6,3.9
2017-07-15,25.5,14,7.1
2017-07-16,25.5,11.1,3.9
2017-07-17,28,5.4,2.4
2017-07-18,27.1,3.8,1.7
2017-07-19,25.9,4.2,2.9
2017-07-20,25.8,6.5,4.1
2017-07-21,28.3,8.4,5.2
2017-07-22,24.1,8,3.4
2017-07-23,24.4,5.5,1.5
2017-07-24,23.3,5.9,2.4
2017-07-25,23.1,8.3,5.1
2017-07-26,22.6,6.5,5
2017-07-27,23.4,3.8,2
2017-07-28,23.2,3.3,1.4
2017-07-29,22.8,5.8,3.2
2017-07-30,24.1,3.3,1.6
2017-07-31,24.3,2.4,1.2
2017-08-01,24.5,3.4,1.3
2017-08-02,24,3.8,1.8
2017-08-03,24.7,4.7,2.6
2017-08-04,26.2,4.3,2.4
2017-08-05,27.7,6,2.4
2017-08-06,28.1,3.8,1.6
2017-08-07,27.8,6.2,2.2
2017-08-08,26.3,4.1,1.3
2017-08-09,24.6,6.7,2.8
2017-08-10,24.1,7.7,5.5
2017-08-11,23,8.2,6.3
2017-08-12,22.8,9.5,6.2
2017-08-13,22.5,8.1,5.9
2017-08-14,23,7,4.3
2017-08-15,23.6,8.7,6.1
2017-08-16,22.1,7,5.1
2017-08-17,21.9,7.8,5.3
2017-08-18,22.6,6.5,4.6
2017-08-19,22.7,5.2,3.5
2017-08-20,23.4,4.9,2.3
2017-08-21,25.8,7.8,3.5
2017-08-22,26.7,8.3,5.6
2017-08-23,27.5,10.4,5.1
2017-08-24,26.7,13.6,10.6
2017-08-25,25.8,9.8,3.6
2017-08-26,23.6,6.3,2.9
2017-08-27,22.8,4.1,1.4
2017-08-28,24.1,6.3,2.7
2017-08-29,20.6,8.8,4.2
2017-08-30,21.1,7.7,1.3
2017-08-31,22,10.3,3.2
2017-09-01,19.8,9.9,6.8
2017-09-02,20.2,7.7,5.6
2017-09-03,20.4,5.4,3
2017-09-04,21.8,2.6,1.3
2017-09-05,21.8,2.5,1.1
2017-09-06,22.4,4.9,1.7
2017-09-07,22,4.4,1.4
2017-09-08,22.7,4.2,2
2017-09-09,23.6,4.8,2.8
2017-09-10,22.8,4.3,2
2017-09-11,20.4,11.6,4.5
2017-09-12,20.7,9.5,2.4
2017-09-13,20.3,8.4,4.8
2017-09-14,20.1,5.8,2.5
2017-09-15,19.4,8.5,6
2017-09-16,20,9.8,6.3
2017-09-17,19.1,12.6,8
2017-09-18,20.6,9.1,3.5
2017-09-19,22.7,8.1,3.7
2017-09-20,20,10.2,4.8
2017-09-21,20.3,2.6,1.4
2017-09-22,21.1,3.3,1.5
2017-09-23,20.8,5.6,2.4
2017-09-24,21.3,5.8,2.5
2017-09-25,22.1,5.1,1.9
2017-09-26,21.4,4,1.7
2017-09-27,17.7,10.5,5.5
2017-09-28,18.1,11,5.4
2017-09-29,17.2,13.5,5.6
2017-09-30,20.3,8.5,5.3
2017-10-01,19.9,6.4,4.2
2017-10-02,18,6.1,3.4
2017-10-03,14.8,11.6,7.4
2017-10-04,13.5,8,4.9
2017-10-05,15.4,5,2.5
2017-10-06,17.3,5.8,2.5
2017-10-07,18,7.6,3.8
2017-10-08,19.5,3.8,1.2
2017-10-09,20.8,5.3,3.3
2017-10-10,18.8,8.7,4.5
2017-10-11,17.7,10.3,4.2
2017-10-12,12.6,9,5.2
2017-10-13,14.8,9.9,4.6
2017-10-14,14.2,9.3,5.4
2017-10-15,14.5,6.8,4
2017-10-16,15.2,4.6,1.7
2017-10-17,14.7,7,4.9
2017-10-18,13.6,7.6,5.8
2017-10-19,15.3,6.3,4.3
2017-10-20,15.4,5.9,3.7
2017-10-21,15.5,8.5,5.5
2017-10-22,14.5,15.7,12.7
2017-10-23,10.6,13.8,7.6
2017-10-24,11.4,5.6,2.9
2017-10-25,12.6,2.7,1.1
2017-10-26,14,3,1.6
2017-10-27,15.9,4.7,2.7
2017-10-28,16.1,6.6,4.6
2017-10-29,14.1,16.5,6.8
2017-10-30,9.2,11.6,4.3
2017-10-31,12.9,7.1,3.8
2017-11-01,14.5,6.9,3.9
2017-11-02,15.3,2.8,1.2
2017-11-03,14.3,10.4,3.9
2017-11-04,7.2,17.7,7.4
2017-11-05,11.6,8,3.2
2017-11-06,14.9,9.1,5.1
2017-11-07,15.3,7.5,2.4
2017-11-08,15.5,10.8,5.2
2017-11-09,11.2,6.8,3.4
2017-11-10,14,12.3,4.8
2017-11-11,8.4,8.9,3.5
2017-11-12,10.3,6.8,2.8
2017-11-13,12.5,7.4,4.9
2017-11-14,11,7.9,3.5
2017-11-15,6.4,8.5,3.9
2017-11-16,4.4,5.1,1.9
2017-11-17,8.8,9,3.6
2017-11-18,2.6,14.4,6.6
2017-11-19,0.9,8.2,3
2017-11-20,3.6,5.8,2.4
2017-11-21,7,7,3.3
2017-11-22,8.4,8.1,4.4
2017-11-23,4.1,8.8,3.7
2017-11-24,3,7.6,3.9
2017-11-25,6,9.2,4.5
2017-11-26,6.2,9.4,5.1
2017-11-27,8.6,5.7,2
2017-11-28,12.7,9.3,6
2017-11-29,9.6,8.8,4.1
2017-11-30,5,10.8,4
2017-12-01,2.2,8.4,3.4
2017-12-02,4.2,5.2,2.6
2017-12-03,7.7,7,3.4
2017-12-04,5.9,9.3,3.8
2017-12-05,-0.7,9.1,3.4
2017-12-06,1.7,9.4,3.5
2017-12-07,4.3,8.6,4.5
2017-12-08,0.4,9.4,5.2
2017-12-09,1.8,5.1,1.9
2017-12-10,4.9,9.1,5.4
2017-12-11,-2.3,10.8,5.5
2017-12-12,-2.8,7,2.9
2017-12-13,-0.6,7.5,3.5
2017-12-14,1.3,6.5,3.6
2017-12-15,4.2,8.2,3
2017-12-16,0.3,7.2,3.6
2017-12-17,-2.1,9.7,3.1
2017-12-18,1.9,9.6,4.5
2017-12-19,-0.3,8.4,3.1
2017-12-20,1.4,4.4,2
2017-12-21,3.9,6.2,2.8
2017-12-22,4.9,7.3,2.5
2017-12-23,6.9,5.9,2.6
2017-12-24,6.9,8.8,3.2
2017-12-25,1.8,8.3,3.7
2017-12-26,-0.2,7.8,3.6
2017-12-27,-1.3,8.1,3.6
2017-12-28,1.5,5.2,2.4
2017-12-29,3.7,6.4,3.3
2017-12-30,3.8,4.5,2.3
2017-12-31,3.9,6.6,3.1
2018-01-01,1.7,5.9,2.7
2018-01-02,2.8,7.7,3.3
2018-01-03,-0.2,9.1,3.8
2018-01-04,0.4,7.6,4.3
2018-01-05,2.1,4.8,2.3
2018-01-06,1.7,6.8,2.8
2018-01-07,4.8,3,1.6
2018-01-08,6.3,7.3,2.9
2018-01-09,0.2,10,6.5
2018-01-10,-2.8,9,4.5
2018-01-11,-4.9,8.7,4.6
2018-01-12,-3.5,7.5,2.7
2018-01-13,-1.6,8.7,2.8
2018-01-14,2.5,12,3.6
2018-01-15,6.4,12.2,5.3
2018-01-16,6.6,7.8,2.9
2018-01-17,4.8,7.1,3.7
2018-01-18,4.8,9.3,3
2018-01-19,4.6,4.8,1.5
2018-01-20,4.3,4.4,2
2018-01-21,2.2,9.1,3.3
2018-01-22,3.5,9.6,3.2
2018-01-23,-3.9,11.1,4.4
2018-01-24,-9,6,2.7
2018-01-25,-5.7,7.5,2.8
2018-01-26,-5.2,8.9,3.8
2018-01-27,-1.7,7.1,2
2018-01-28,0.1,8,3.8
2018-01-29,-4.7,8.3,2.8
2018-01-30,-2.9,6.2,2.4
2018-01-31,0.1,5.1,2.7
2018-02-01,1,4.4,2.7
2018-02-02,1.7,15,4.5
2018-02-03,-1.1,7.6,3.9
2018-02-04,-4,12.6,5.9
2018-02-05,-5.7,9.7,5.4
2018-02-06,-5.5,8.2,4.2
2018-02-07,-3.6,12.1,4.1
2018-02-08,-0.9,6.8,3.7
2018-02-09,3.8,8.9,5.6
2018-02-10,4.3,8.1,3.7
2018-02-11,-4.1,9.8,5.6
2018-02-12,-3.9,8.9,4.2
2018-02-13,-0.7,9.8,4.7
2018-02-14,4.8,12.2,8
2018-02-15,1.2,7.7,3.2
2018-02-16,2.8,6,2.6
2018-02-17,-1.4,9.5,4.4
2018-02-18,0.8,5,2.1
2018-02-19,2.6,6.2,2
2018-02-20,3.6,7.2,3.7
2018-02-21,-1,11.2,4.7
2018-02-22,1.8,7.5,3.6
2018-02-23,5,9.1,4.8
2018-02-24,1.6,11.3,6.5
2018-02-25,1.8,6.8,2.8
2018-02-26,3.7,7,3.3
2018-02-27,5.6,10.7,4.9
2018-02-28,4.5,11.8,5.6
2018-03-01,3.2,18.8,6.9
2018-03-02,2.8,10.2,4.2
2018-03-03,8.9,10.8,5.1
2018-03-04,10.4,11.6,5.3
2018-03-05,1.1,17.9,11.8
2018-03-06,1.3,7.1,3.3
2018-03-07,2.6,5.2,2.4
2018-03-08,2.3,17.9,10.6
2018-03-09,-1.2,15.2,7.2
2018-03-10,3.4,7,2.5
2018-03-11,4.1,6.8,3.5
2018-03-12,7.7,9.9,3.3
2018-03-13,12.8,14,10
2018-03-14,15.4,10.3,4
2018-03-15,10,18.5,9
2018-03-16,-0.4,16.4,10
2018-03-17,3.3,6.4,3.7
2018-03-18,8.1,7.7,4.8
2018-03-19,4.6,13.7,9.1
2018-03-20,1.2,15.5,12
2018-03-21,1.2,15.3,11.8
2018-03-22,3.5,13.5,5.8
2018-03-23,6.4,5.8,2.5
2018-03-24,9.4,6.2,3.5
2018-03-25,13.5,7.1,3.5
2018-03-26,14.9,5.7,2.4
2018-03-27,15.4,5.5,2.4
2018-03-28,16.9,9,5.6
2018-03-29,10.6,11.5,5.5
2018-03-30,8.5,5.5,3
2018-03-31,11.9,8.4,5
2018-04-01,15.8,8,3.1
2018-04-02,18.6,8.6,4.3
2018-04-03,13.8,10.3,4.7
2018-04-04,4.6,11.2,6.7
2018-04-05,4.7,6.5,4.3
2018-04-06,5.9,14,4
2018-04-07,3,11.5,3.6
2018-04-08,5.8,7.8,3.6
2018-04-09,8.2,6.8,2.6
2018-04-10,11.5,11.5,5.4
2018-04-11,14.8,10.6,5.9
2018-04-12,13,9.2,5.5
2018-04-13,9.4,6,3.1
2018-04-14,7.9,7.4,3.3
2018-04-15,9.6,9.6,3.8
2018-04-16,9.3,7.6,3.8
2018-04-17,10.7,6.3,2.7
2018-04-18,14.8,8.5,3.9
2018-04-19,17.2,8.2,3.9
2018-04-20,19.1,9.1,3.4
2018-04-21,20.8,9.6,5.9
2018-04-22,15.5,13.6,5.1
2018-04-23,9.1,11.9,8.9
2018-04-24,8.2,14.1,10.2
2018-04-25,10.7,9.7,4.4
2018-04-26,12.6,7.8,5.3
2018-04-27,12.3,15.5,4.4
2018-04-28,15.3,10.1,5.8
2018-04-29,17.3,10.8,5.8
2018-04-30,18.1,9.7,3.6
2018-05-01,14.8,6.6,2.7
2018-05-02,12.5,11.5,3.1
2018-05-03,9.8,11.9,5.7
2018-05-04,14.2,8.2,4.3
2018-05-05,17.4,12.9,9.6
2018-05-06,13.8,13.1,5.4
2018-05-07,12,8.9,5.1
2018-05-08,9.5,10.1,7.4
2018-05-09,7.6,10.5,5.5
2018-05-10,11.3,8,3.5
2018-05-11,17.8,9.1,4.6
2018-05-12,16.3,10.5,5.5
2018-05-13,16,9.1,3.8
2018-05-14,17.5,7.7,4.1
2018-05-15,22.9,8.6,3.8
2018-05-16,21.2,15.4,9
2018-05-17,21.7,15.6,6.5
2018-05-18,12.9,9.9,3.6
2018-05-19,13,10.3,6.5
2018-05-20,12.1,11.1,6.9
2018-05-21,13.6,6.6,4
2018-05-22,16.6,5.3,2.4
2018-05-23,14.5,10,5.2
2018-05-24,19.7,12.7,7.4
2018-05-25,21,12.2,3
2018-05-26,16.4,7.4,2.9
2018-05-27,15.5,6.1,2.2
2018-05-28,16.7,6.2,2.6
2018-05-29,18.1,5.9,2.3
2018-05-30,18.6,9.7,3.6
2018-05-31,17.8,6,2.6
2018-06-01,19,5.6,2.8
2018-06-02,20.5,7.2,5.5
2018-06-03,21.3,6.9,5.2
2018-06-04,21.4,7.7,5.2
2018-06-05,20.2,6.5,3.6
2018-06-06,20,8,4.2
2018-06-07,19.7,7.4,5.7
2018-06-08,20.7,7.6,4.3
2018-06-09,15.4,8.5,6
2018-06-10,15.5,8.5,5.6
2018-06-11,13.8,9.3,5.3
2018-06-12,15,5.6,3.1
2018-06-13,16.6,6.3,3
2018-06-14,15.9,6.8,3.3
2018-06-15,14.5,9,6.3
2018-06-16,14.7,6.9,3.2
2018-06-17,17.3,3.9,2.6
2018-06-18,20.3,5,3
2018-06-19,21.4,7.3,4.9
2018-06-20,21.6,10,3.5
2018-06-21,22,12.7,5.4
2018-06-22,24.4,8.4,4
2018-06-23,22.9,8.5,5.8
2018-06-24,25.3,6.8,2.9
2018-06-25,25.7,5,1.9
2018-06-26,21.6,10.2,5.9
2018-06-27,23.1,13.7,7.8
2018-06-28,21.2,11.8,5.1
2018-06-29,22.6,9.1,5.6
2018-06-30,21.3,7.6,5.2
2018-07-01,22.2,6.9,3.5
2018-07-02,23.3,9,5.3
2018-07-03,22.4,5.3,3.1
2018-07-04,21.7,11,4.8
2018-07-05,19.2,5.9,3.4
2018-07-06,16.6,11.1,7.5
2018-07-07,16.3,11.1,7.6
2018-07-08,17.2,9,5.4
2018-07-09,17.9,5.9,3.4
2018-07-10,21.4,4.6,2.2
2018-07-11,22.7,6,2.7
2018-07-12,26.7,7.6,3.8
2018-07-13,28.1,8.8,3.2
2018-07-14,27.9,8,3.3
2018-07-15,28.1,6.7,3
2018-07-16,28.7,6.6,3.1
2018-07-17,29.1,6.6,3.4
2018-07-18,27.7,3.7,1.5
2018-07-19,27.2,5.3,3.1
2018-07-20,27.7,6.7,4.4
2018-07-21,28.1,10.2,6.9
2018-07-22,29,8.7,6.4
2018-07-23,30.5,6.5,1.6
2018-07-24,29.1,3.2,1.4
2018-07-25,27.7,4.4,3.3
2018-07-26,27.2,4.2,2.7
2018-07-27,26.7,3.7,1.7
2018-07-28,26.2,9.6,5
2018-07-29,24.9,13.3,10
2018-07-30,26.6,5.8,3
2018-07-31,26.8,5.4,2.8
2018-08-01,27.2,4.9,2
2018-08-02,27.3,3.7,1.2
2018-08-03,27.7,4.9,2.6
2018-08-04,30.3,5.8,3
2018-08-05,29.7,6.3,2.7
2018-08-06,24.1,6.3,4.2
2018-08-07,24,4.5,2.9
2018-08-08,24.2,5.5,3.3
2018-08-09,24.5,5.7,3.6
2018-08-10,24,5.8,3.3
2018-08-11,24.6,5.1,3.3
2018-08-12,25.1,3.4,1.5
2018-08-13,28,4.3,2.4
2018-08-14,28.9,5.5,3.2
2018-08-15,28.1,2.5,1.2
2018-08-16,23.1,13,6.7
2018-08-17,22.1,8.1,4.2
2018-08-18,22.5,3.7,1.8
2018-08-19,23,2.6,1.3
2018-08-20,25,2.8,1.4
2018-08-21,26.1,7,4.7
2018-08-22,28,4,2.3
2018-08-23,27.5,6.8,3.4
2018-08-24,25.4,12.2,6.2
2018-08-25,25.1,9.3,5.8
2018-08-26,21.3,9.4,3.4
2018-08-27,23.5,5.3,2.1
2018-08-28,22.9,6.2,1.8
2018-08-29,24.7,9.9,5
2018-08-30,26.1,12.3,7.9
2018-08-31,22.3,9.6,2.7
2018-09-01,20.7,11.1,6.3
2018-09-02,22.2,5.1,2.1
2018-09-03,23.5,6.5,2.8
2018-09-04,21.9,9.3,2.5
2018-09-05,23.3,8,4.1
2018-09-06,23.1,8.1,4.7
2018-09-07,21.6,10,5.7
2018-09-08,20.8,5.2,2.4
2018-09-09,20.3,10,6.2
2018-09-10,18.7,11.1,7
2018-09-11,18.7,7.3,4.8
2018-09-12,20.2,7.6,3.9
2018-09-13,19.4,4.5,2.4
2018-09-14,19.7,6.2,4.3
2018-09-15,20.8,6.6,3.3
2018-09-16,22.1,3.8,1.5
2018-09-17,21.6,4.6,1.5
2018-09-18,21.2,2.8,1.1
2018-09-19,21.1,2.8,1.3
2018-09-20,20.6,8.1,4.7
2018-09-21,18.6,8.3,5.4
2018-09-22,21.4,4.2,1.6
2018-09-23,20.9,6.8,3
2018-09-24,18.1,8,3.6
2018-09-25,17.8,7.1,4.6
2018-09-26,17.1,8.2,6.3
2018-09-27,17.5,8.7,5.5
2018-09-28,17.7,5.6,3.9
2018-09-29,18.3,6.5,3.5
2018-09-30,17.9,8.3,3.8
2018-10-01,16.5,10.3,5.9
2018-10-02,17.3,7.3,2.6
2018-10-03,18.3,5.3,2.5
2018-10-04,19.1,7.3,5.3
2018-10-05,17.8,11.8,7.5
2018-10-06,19.4,26,7
2018-10-07,18.8,6,2.2
2018-10-08,16.4,8.2,3.4
2018-10-09,16.5,3.7,1.8
2018-10-10,16.4,9.1,5.1
2018-10-11,12.9,6.4,2.6
2018-10-12,12.9,6.6,3.4
2018-10-13,14,4.7,2.4
2018-10-14,15.7,4.6,2.1
2018-10-15,15.6,5.1,2.3
2018-10-16,14.5,7.4,3.3
2018-10-17,12.5,10.2,6
2018-10-18,12.2,12.5,9.6
2018-10-19,13.4,11.9,7.9
2018-10-20,14.2,3.9,1.7
2018-10-21,14.7,3.4,1.4
2018-10-22,16.4,2.6,1.3
2018-10-23,16.7,7.5,3.6
2018-10-24,14.5,5.3,2.1
2018-10-25,15,4,1.5
2018-10-26,14.6,7.8,3.6
2018-10-27,11.6,8.5,5.3
2018-10-28,10.8,10.2,5.9
2018-10-29,10.5,7.9,3.7
2018-10-30,9.4,6.3,2.5
2018-10-31,9,5,2.4
2018-11-01,11.2,5.4,1.9
2018-11-02,12.7,3.6,1.7
2018-11-03,13.9,4.4,2.8
2018-11-04,14.7,4.8,2.6
2018-11-05,14.5,6.3,2.4
2018-11-06,12.7,7.6,5.5
2018-11-07,13.3,7.9,4
2018-11-08,15.2,4.6,2.8
2018-11-09,14.3,12.8,7.2
2018-11-10,13.2,7.5,3.5
2018-11-11,13.2,4.5,2.5
2018-11-12,10.7,8.6,5.1
2018-11-13,9.7,7.8,4.6
2018-11-14,8.7,8.5,6.2
2018-11-15,10,5.6,2.8
2018-11-16,12.1,6.8,3.5
2018-11-17,9,8.7,4.7
2018-11-18,10.1,8.2,2.8
2018-11-19,9.2,6.3,2.6
2018-11-20,9.2,9.8,4.3
2018-11-21,10.1,8.4,3.6
2018-11-22,5.7,9.3,4.3
2018-11-23,3.6,5.2,1.8
2018-11-24,6.6,6.5,2.6
2018-11-25,8.6,5.4,1.5
2018-11-26,10.9,6.5,2.7
2018-11-27,12.3,7.2,3
2018-11-28,8.8,9.1,4.3
2018-11-29,8.5,8.6,3.4
2018-11-30,8.2,6,2.7
2018-12-01,8.2,8.8,3.7
2018-12-02,11.6,4.4,2.2
2018-12-03,15.3,10.7,4.2
2018-12-04,10.7,10.6,5.7
2018-12-05,6.1,10.1,5.5
2018-12-06,7.6,9.2,4
2018-12-07,-0.5,9.1,3
2018-12-08,-2.2,8,2.9
2018-12-09,-0.9,5.4,2.1
2018-12-10,2,7.2,3.6
2018-12-11,4.9,7.2,2.8
2018-12-12,2.3,9.8,4.8
2018-12-13,2.1,8.5,3.6
2018-12-14,0.3,7.3,5
2018-12-15,3.1,7.9,4
2018-12-16,5.5,8.4,3.8
2018-12-17,4.8,5.9,2.6
2018-12-18,4.4,7.7,3.5
2018-12-19,7.4,9.6,4.4
2018-12-20,6.6,4.7,2
2018-12-21,9.1,5.8,2.4
2018-12-22,8.8,8.9,4.6
2018-12-23,5.9,9.3,3.3
2018-12-24,3.7,7.4,2.5
2018-12-25,4.2,4.6,2.1
2018-12-26,4.5,8.1,2.8
2018-12-27,-2.1,12.1,3.9
2018-12-28,-2,9.5,4
2018-12-29,-2.2,8.7,4
2018-12-30,0.3,7.4,3.9
2018-12-31,2.6,6.8,3.1
2019-01-01,2.3,4.3,2
2019-01-02,1.9,4.6,1.8
2019-01-03,2.2,4.3,1.5
2019-01-04,4.6,6.2,3
2019-01-05,2.8,7,3.5
2019-01-06,2,8,4.3
2019-01-07,3.5,5.7,2.6
2019-01-08,2,7.4,2.9
2019-01-09,1.1,10.7,5
2019-01-10,5.5,6.7,3
2019-01-11,4.8,6.4,2.3
2019-01-12,5.1,9.6,2.4
2019-01-13,4.6,8.4,3.2
2019-01-14,5.9,5.6,1.9
2019-01-15,4.1,10.1,4.6
2019-01-16,0.6,6.5,3.2
2019-01-17,3,5.6,2.8
2019-01-18,3.9,5.5,2
2019-01-19,5.6,4,1.3
2019-01-20,3.3,7.4,2.9
2019-01-21,3.1,8.6,3.5
2019-01-22,4.8,6.9,3.5
2019-01-23,4.9,11.5,5
2019-01-24,3,6.4,2.6
2019-01-25,1.5,13.9,5.5
2019-01-26,-0.8,14.9,7.3
2019-01-27,4.7,9.2,3.7
2019-01-28,3.4,10.8,5.4
2019-01-29,3.8,5.5,2.2
2019-01-30,8,8.9,3.4
2019-01-31,0.9,11.5,7.9
2019-02-01,1.7,9.6,4.8
2019-02-02,5.2,6.9,2.5
2019-02-03,8.1,13.4,5.7
2019-02-04,4.2,7.9,3.5
2019-02-05,6.3,6.8,3.7
2019-02-06,8.8,6.5,3.3
2019-02-07,3.3,9.8,3.9
2019-02-08,-0.9,7.8,4.4
2019-02-09,-0.7,11.6,5.9
2019-02-10,-0.7,8.9,4.2
2019-02-11,0.4,10.4,3.9
2019-02-12,0.9,5.3,2.4
2019-02-13,0.5,11.7,4.2
2019-02-14,0.1,9.7,4.8
2019-02-15,4,8.9,3.5
2019-02-16,0.7,9.2,4.1
2019-02-17,2.8,5.4,3
2019-02-18,5.8,4.7,1.9
2019-02-19,5.8,7.5,2.3
2019-02-20,4.1,9.2,3.3
2019-02-21,4.4,4.7,2
2019-02-22,6.4,4.1,2
2019-02-23,4.9,9.8,5.7
2019-02-24,7.1,9.6,4.4
2019-02-25,6.4,8.9,4.6
2019-02-26,5.9,7.8,2.7
2019-02-27,6.8,7.1,2.7
2019-02-28,6.8,6,2.7
2019-03-01,6.8,3.4,1.2
2019-03-02,8,4.1,1.7
2019-03-03,8.3,5.3,2.2
2019-03-04,8.2,7.7,4.6
2019-03-05,9.5,5.8,2.8
2019-03-06,10,9.1,4.1
2019-03-07,4.9,14,8.1
2019-03-08,7.3,7.3,2.4
2019-03-09,10.7,10.2,6.5
2019-03-10,8.6,8.2,4.1
2019-03-11,8,12.4,4.1
2019-03-12,8,8.6,4
2019-03-13,4.1,9,3.7
2019-03-14,6,8.5,3.2
2019-03-15,6.8,10.2,4.4
2019-03-16,7,9.3,4.5
2019-03-17,5.5,8.9,3.9
2019-03-18,10.1,9.7,5.6
2019-03-19,13,7.6,2.8
2019-03-20,13.9,7.4,3.3
2019-03-21,13.1,12.6,4.6
2019-03-22,4.2,10.3,5.1
2019-03-23,4.2,9.7,3.7
2019-03-24,6.5,9.1,3.8
2019-03-25,10.2,8.8,4.3
2019-03-26,10.4,8.6,4.5
2019-03-27,11.5,11.3,6.9
2019-03-28,4.7,9.9,4.4
2019-03-29,8.2,4.1,1.7
2019-03-30,7.8,8.8,2.8
2019-03-31,3.7,8.1,3.8
2019-04-01,3.4,9.7,5
2019-04-02,4.5,7.5,3.4
2019-04-03,7.3,8.2,3.6
2019-04-04,11.9,13,7.8
2019-04-05,11.9,12.1,7.6
2019-04-06,10.3,7,2.5
2019-04-07,9.2,9.5,4.5
2019-04-08,7.7,15.8,6
2019-04-09,8,7,2.4
2019-04-10,4.6,10.5,6.7
2019-04-11,7.7,5.3,2.4
2019-04-12,9.7,5.6,2.8
2019-04-13,11.6,6,4.3
2019-04-14,10.3,9,5.4
2019-04-15,10.4,7.3,3.7
2019-04-16,14.8,7.8,4
2019-04-17,16.6,6.5,2.9
2019-04-18,15.7,11.7,
2019-04-19,7.8,,2.3
2019-04-20,10.9,5.6,3.4
2019-04-21,13,5.3,2.2
2019-04-22,12.9,4.3,2.4
2019-04-23,15.8,9.7,4.6
2019-04-24,14.6,9.7,3.4
2019-04-25,10,12.2,8.2
2019-04-26,6.8,10.5,8
2019-04-27,9.8,7.4,3.3
2019-04-28,11.9,6.8,3.7
2019-04-29,11.8,4.6,2.1
2019-04-30,12.9,6.5,3.1
2019-05-01,13.3,5.1,1.8
2019-05-02,15.6,10.7,5.2
2019-05-03,14.4,8.8,4.1
2019-05-04,14.7,5.2,3.2
2019-05-05,17.7,6.2,4.6
2019-05-06,10.9,11.5,6.6
2019-05-07,13.6,9.2,5.7
2019-05-08,17.2,9.7,4.9
2019-05-09,19.7,6.9,3.5
2019-05-10,19.8,6.6,1
2019-05-11,18.3,4.9,2.2
2019-05-12,16.4,6,3.3
2019-05-13,15.6,5.7,2.7
2019-05-14,18,6.2,2.9
2019-05-15,18.7,5.3,3.3
2019-05-16,19.3,5.6,4.2
2019-05-17,20.2,6.4,4.2
2019-05-18,18.5,5.4,2.7
2019-05-19,19.8,4.9,2.4
2019-05-20,16.8,10.8,5.7
2019-05-21,17.7,9.9,6.7
2019-05-22,20,10.6,6.2
2019-05-23,22.2,8.1,4.3
2019-05-24,25.3,7,3.8
2019-05-25,26.6,7.2,2.4
2019-05-26,25.5,10.7,4
2019-05-27,18,10.7,5.8
2019-05-28,17.3,10.4,4.8
2019-05-29,18.8,14.5,4.8
2019-05-30,21.7,11.7,4.6
2019-05-31,18.4,11.3,6.3
2019-06-01,20.1,8.3,4.3
2019-06-02,19.7,5.7,3.9
2019-06-03,21.5,7.3,3.8
2019-06-04,22.9,10.6,4.3
2019-06-05,21.2,11.4,3.7
2019-06-06,18.5,6.9,3.5
2019-06-07,16,15.9,8.9
2019-06-08,16.1,11.4,4.8
2019-06-09,15.5,6.4,3.8
2019-06-10,15.3,9.6,6.4
2019-06-11,14.6,8.6,5.7
2019-06-12,14.9,5.5,2.9
2019-06-13,17.6,6,3.2
2019-06-14,19.6,7.2,4.4
2019-06-15,16.4,11.2,6.5
2019-06-16,14.4,8.9,4.1
2019-06-17,16.6,5.1,2.8
2019-06-18,20.6,5.6,2.3
2019-06-19,20.6,5.1,2.5
2019-06-20,22.7,6.7,2.7
2019-06-21,21.1,10.1,3.5
2019-06-22,17.2,8.8,4.9
2019-06-23,16.8,8.6,5.2
2019-06-24,17.3,6.3,2.5
2019-06-25,18.8,4.2,2.5
2019-06-26,20.9,6.2,3.7
2019-06-27,20.4,6.9,2.5
2019-06-28,19.3,7.2,3.8
2019-06-29,19.7,6.3,2.3
2019-06-30,21.4,8.6,3.8
2019-07-01,22.3,5.2,2.6
2019-07-02,23.4,5.6,2.5
2019-07-03,21.3,5,3.3
2019-07-04,22.2,5.8,2.8
2019-07-05,22.4,5.1,3.4
2019-07-06,20.8,8.3,5.7
2019-07-07,19.6,7.6,5.6
2019-07-08,18.8,8.2,5.8
2019-07-09,19.5,7.3,5.9
2019-07-10,20.1,8.4,6.1
2019-07-11,21.2,7.9,3.3
2019-07-12,20.6,8.9,3.2
2019-07-13,22.1,5.4,2.4
2019-07-14,21.4,3.8,1.9
2019-07-15,20.6,4.1,1.8
2019-07-16,20,4.6,2.6
2019-07-17,21.7,2.7,1.4
2019-07-18,22.6,5.6,3.2
2019-07-19,22.9,5.4,3.1
2019-07-20,22.6,5.5,3.4
2019-07-21,22.2,9.3,5.3
2019-07-22,26.5,11.1,6.9
2019-07-23,28.6,5,1.8
2019-07-24,26.6,6,3.5
2019-07-25,26.3,8.4,4.1
2019-07-26,25.3,9.1,6.7
2019-07-27,26.2,6.2,3.7
2019-07-28,26.7,8.8,6.9
2019-07-29,26.8,9.9,7.2
2019-07-30,27.4,10,7.9
2019-07-31,28.5,10.1,8.2
2019-08-01,29.7,8.8,4.3
2019-08-02,28.6,5.1,1.5
2019-08-03,27,4.5,1.4
2019-08-04,26.1,2.9,1.5
2019-08-05,26.1,5.3,2.7
2019-08-06,25.1,7.1,4.6
2019-08-07,25.6,7.3,4.3
2019-08-08,27.8,8.1,4.6
2019-08-09,28.4,8.7,2.3
2019-08-10,26.4,6,3.1
2019-08-11,25.2,5.3,3.5
2019-08-12,27.1,4.1,2.6
2019-08-13,27.8,6.3,3.4
2019-08-14,25.9,8.9,6.8
2019-08-15,25.4,11.1,7.9
2019-08-16,25.9,9.5,4.6
2019-08-17,26.1,9.5,6
2019-08-18,25.7,7.8,2.5
2019-08-19,24,6.9,3.4
2019-08-20,23.6,7.8,5.3
2019-08-21,24.5,4.5,2.1
2019-08-22,24.1,4,1.8
2019-08-23,25.2,6.5,3.2
2019-08-24,23.9,3.8,1.4
2019-08-25,23.1,4.3,2.1
2019-08-26,24,2.8,1.2
2019-08-27,21.6,6.1,2.2
2019-08-28,22.8,5.2,2.3
2019-08-29,23.6,6.6,3.1
2019-08-30,24.1,6.9,3.9
2019-08-31,23.1,5,2.5
2019-09-01,22.9,4.9,2
2019-09-02,22.5,5.4,3.1
2019-09-03,20,5.4,3
2019-09-04,22.2,5.2,2.6
2019-09-05,24.9,3.6,2.3
2019-09-06,25.5,4,2.4
2019-09-07,25.2,7.9,3.5
2019-09-08,24.9,8.3,5
2019-09-09,25.6,3.2,1.8
2019-09-10,25.6,4.7,2.2
2019-09-11,20.9,10.5,6.2
2019-09-12,19.5,10.2,6.2
2019-09-13,21.2,6.2,3.7
2019-09-14,22.5,4.6,1.3
2019-09-15,20.7,8.6,5.6
2019-09-16,19.7,9.5,5.7
2019-09-17,20.1,9,5.7
2019-09-18,20.1,10.1,4.5
2019-09-19,18.1,7.4,3
2019-09-20,18.5,4.7,2.3
2019-09-21,17.6,8,3.8
2019-09-22,15.7,23.1,11.9
2019-09-23,15,25.8,11
2019-09-24,17.9,3.2,1.4
2019-09-25,18.6,4.4,2.3
2019-09-26,19.9,2.9,1.4
2019-09-27,20.5,4.6,2.1
2019-09-28,21,3.5,1.3
2019-09-29,21.9,4,1.6
2019-09-30,21.6,3.3,1.4
2019-10-01,21.1,2.3,1.1
2019-10-02,20.3,8.9,3.2
2019-10-03,20.3,10,5.2
2019-10-04,18.3,11.4,5.5
2019-10-05,15.6,12.9,6.1
2019-10-06,14,9.9,5
2019-10-07,15.7,4.3,1.5
2019-10-08,16.5,9.2,4
2019-10-09,16.6,6,2.3
2019-10-10,18,3.4,1.7
2019-10-11,18,11.6,5.6
2019-10-12,15.7,16.4,12.7
2019-10-13,13.8,11.4,6.8
2019-10-14,14.4,14.8,5.1
2019-10-15,10.7,13,6.2
2019-10-16,14,3.7,2
2019-10-17,15.2,6.5,3.1
2019-10-18,15.3,9.6,6.6
2019-10-19,14.3,10.5,5.9
2019-10-20,15.5,2.7,1.1
2019-10-21,15.7,5.6,3.3
2019-10-22,16.1,7,5.2
2019-10-23,15.7,7.4,5.2
2019-10-24,16.1,10.1,6.5
2019-10-25,16.4,11.2,4.7
2019-10-26,15.1,8.2,3.6
2019-10-27,12.2,8.9,3.1
2019-10-28,14.6,7.6,2.8
2019-10-29,15,8.8,4.1
2019-10-30,15.3,6.9,2.6
2019-10-31,17.2,10.5,5
2019-11-01,14.3,10.7,3.9
2019-11-02,14.2,4.5,2.1
2019-11-03,12.8,11.3,5.8
2019-11-04,10.9,8.8,5
2019-11-05,14.1,6.1,3.8
2019-11-06,14,7.2,3.1
2019-11-07,11.2,9.8,5.4
2019-11-08,10.1,4.8,2.3
2019-11-09,10.5,6.9,4.1
2019-11-10,12.3,5.1,2.6
2019-11-11,11.7,9,3.3
2019-11-12,13.4,8.3,2.6
2019-11-13,13.8,10.6,4.8
2019-11-14,5.2,7.3,3.1
2019-11-15,10.4,9.4,6.1
2019-11-16,11.5,6,2.8
2019-11-17,13.2,4.6,2.2
2019-11-18,11.4,10,4.7
2019-11-19,4.5,8.8,3.9
2019-11-20,5.6,4.5,1.8
2019-11-21,8.5,3,1.2
2019-11-22,12.1,2.8,1.4
2019-11-23,13.3,4.2,1.7
2019-11-24,15.2,6.9,3.4
2019-11-25,4.6,15.4,9.7
2019-11-26,6.7,5.9,2.2
2019-11-27,7.4,12.8,5.5
2019-11-28,3.1,13.8,8.7
2019-11-29,4.6,9.3,4.3
2019-11-30,6.7,7.7,3.5
2019-12-01,8.1,6.1,2
2019-12-02,5.9,5.8,2.9
2019-12-03,3.8,7.5,3.7
2019-12-04,5.1,7.2,3
2019-12-05,1.5,7.8,3.2
2019-12-06,2,7.1,3.3
2019-12-07,4.9,6.7,2.6
2019-12-08,7.5,4.8,1.9
2019-12-09,8.6,7,3.6
2019-12-10,10.8,8.6,5.7
2019-12-11,11.2,11,6.7
2019-12-12,3.3,6.6,2.9
2019-12-13,6.9,6.2,3.7
2019-12-14,5.7,9.6,5.6
2019-12-15,5.3,5.7,2.2
2019-12-16,9.2,4,1.6
2019-12-17,12.1,9,5.1
2019-12-18,5.3,10.1,6.3
2019-12-19,5.5,11.6,4.6
2019-12-20,3.1,5.7,1.9
2019-12-21,5,5.6,2.8
2019-12-22,6.5,5.1,2
2019-12-23,5.9,10.7,5.2
2019-12-24,5,7.2,1.9
2019-12-25,8.1,7.7,3.6
2019-12-26,6.8,10,2.6
2019-12-27,1.8,16.4,6.5
2019-12-28,3.9,4.4,2.1
2019-12-29,6.5,3.4,1.7
2019-12-30,9.2,6.4,2.8
2019-12-31,-0.2,8.4,3
2020-01-01,2.1,4,1.8
2020-01-02,4.7,6.4,2
2020-01-03,5.9,7.1,2.3
2020-01-04,5,9.1,4
2020-01-05,4.4,5.7,2.2
2020-01-06,7.1,5,1.7
2020-01-07,10,6.3,1.9
2020-01-08,6.5,22.2,8.2
2020-01-09,4.4,11.3,4.4
2020-01-10,4.7,7.9,2.8
2020-01-11,5.2,5.4,1.9
2020-01-12,4.2,12.4,4.9
2020-01-13,2.3,7.2,2.9
2020-01-14,1.3,10.2,4
2020-01-15,1.4,9.3,3.7
2020-01-16,3.2,6.8,2.3
2020-01-17,3.8,7.7,3.8
2020-01-18,3.9,9,4.1
2020-01-19,4.5,7.9,3.3
2020-01-20,3.5,7.5,3
2020-01-21,3,8.8,2.8
2020-01-22,7.1,7.1,3.1
2020-01-23,7.6,3.8,1.9
2020-01-24,4.3,10,5.5
2020-01-25,5.1,6.5,2.2
2020-01-26,5.5,12.4,5.7
2020-01-27,5.4,15.3,7.6
2020-01-28,5.7,14.9,11.6
2020-01-29,4.1,9,6.6
2020-01-30,1.8,10.2,7.7
2020-01-31,1.9,10.2,5.3
2020-02-01,4.9,5,2
2020-02-02,5.7,5,2.4
2020-02-03,2.7,7.1,3.6
2020-02-04,3.5,6.4,3.4
2020-02-05,-3.2,8.8,5.9
2020-02-06,-3.2,9,5.2
2020-02-07,2.6,7.7,3.5
2020-02-08,0.8,11.6,5.3
2020-02-09,1.5,7.7,3.4
2020-02-10,3.3,6.2,3.4
2020-02-11,6.1,5.5,2.3
2020-02-12,9.6,5.6,2.5
2020-02-13,10.5,6.5,2.3
2020-02-14,9.8,5.3,2.3
2020-02-15,8.7,7,2.5
2020-02-16,6.4,9.1,3.8
2020-02-17,-0.6,7.7,3.4
2020-02-18,-0.3,6.7,2.8
2020-02-19,3.5,5.1,1.8
2020-02-20,5.2,5.4,1.9
2020-02-21,7,5,3.2
2020-02-22,6.7,8.9,4.8
2020-02-23,4.4,7.8,3.6
2020-02-24,9,7.4,4.6
2020-02-25,6.6,12.2,6.5
2020-02-26,3.6,10.8,7.2
2020-02-27,2,11.2,5.9
2020-02-28,4.1,6.6,2.3
2020-02-29,6.2,10.3,4.4
2020-03-01,6.4,3.7,1.8
2020-03-02,4.8,12.4,5.5
2020-03-03,5.2,8.3,3
2020-03-04,6.2,8,3.8
2020-03-05,2.1,9.8,3.9
2020-03-06,5.7,5.3,2.2
2020-03-07,7.7,3.3,1.5
2020-03-08,8,8.1,4
2020-03-09,9.3,5.4,2.6
2020-03-10,7.1,9.9,5.3
2020-03-11,4.8,8,3.5
2020-03-12,8.7,10.7,5.1
2020-03-13,7.3,10.6,4.6
2020-03-14,3.7,6.3,3.4
2020-03-15,4.3,10.8,5.4
2020-03-16,4.1,13.7,5.6
2020-03-17,8,11.9,6.3
2020-03-18,10.1,9.8,4.4
2020-03-19,10.4,12.1,8.5
2020-03-20,9,9.3,4.9
2020-03-21,12.8,11,6.7
2020-03-22,8.4,10.8,4.9
2020-03-23,7.6,6.7,3.5
2020-03-24,6.5,4.1,1.7
2020-03-25,9.9,6.6,4.2
2020-03-26,13.2,8.8,5.6
2020-03-27,8.9,12.6,6.5
2020-03-28,6.4,6,2.8
2020-03-29,6.2,6,2.7
2020-03-30,8,2.9,1.7
2020-03-31,9.3,3.2,1.9
2020-04-01,8.9,11.4,4.9
2020-04-02,10.7,11.9,5.7
2020-04-03,13.6,7.1,3.9
2020-04-04,7.9,12.6,6.1
2020-04-05,6.9,5.5,2.5
2020-04-06,10.6,6.2,3.6
2020-04-07,12.2,6.9,2.9
2020-04-08,5.8,11.4,4.5
2020-04-09,7.3,10.8,5.2
2020-04-10,8,6.9,3.1
2020-04-11,10.3,5.8,3.2
2020-04-12,8.9,11.4,5.3
2020-04-13,8,14.2,10.5
2020-04-14,12.5,7.6,2.6
2020-04-15,14.4,11.1,3.7
2020-04-16,9.7,6.6,3.3
2020-04-17,10.2,6.2,2.3
2020-04-18,10.2,9.5,5.5
2020-04-19,10.2,6.5,4
2020-04-20,11.4,8,3.6
2020-04-21,10,8,3.8
2020-04-22,7.3,7.6,3.6
2020-04-23,7.2,5.2,2.1
2020-04-24,10,12.4,5
2020-04-25,13.4,14.3,9.9
2020-04-26,9.3,7.7,4.1
2020-04-27,10.1,6.4,2.3
2020-04-28,13.2,14.1,5.5
2020-04-29,17.1,10.3,4
2020-04-30,17.2,10.1,4.3
2020-05-01,23.1,13.1,7.9
2020-05-02,22,10.5,4.4
2020-05-03,17.8,11.5,5.9
2020-05-04,14.8,13.3,6.7
2020-05-05,12.9,8,3.7
2020-05-06,13.3,7.8,3.8
2020-05-07,13.6,6.6,2.8
2020-05-08,15.4,8.7,3.5
2020-05-09,14,9.9,3.8
2020-05-10,17.4,9.8,4.5
2020-05-11,19.3,9.7,5.6
2020-05-12,17.6,10.1,6.3
2020-05-13,17.1,12,6.2
2020-05-14,20,9.1,4.3
2020-05-15,16,9,4.2
2020-05-16,14.8,4.5,1.6
2020-05-17,14.1,3.7,1.2
2020-05-18,14.2,4.7,2.4
2020-05-19,14.5,13.3,5.1
2020-05-20,10.2,10.7,4.9
2020-05-21,11.4,7.5,3.3
2020-05-22,12.2,5.4,2.5
2020-05-23,14.9,5.1,2.3
2020-05-24,18.2,10.6,5.3
2020-05-25,18.3,4.5,2
2020-05-26,18.6,5.2,1.5
2020-05-27,17.4,6.9,2.4
2020-05-28,18.5,6.6,2.6
2020-05-29,18.1,3.2,1.5
2020-05-30,18.4,3.4,1.8
2020-05-31,19.4,4.5,3.1
2020-06-01,21.2,10,5.6
2020-06-02,20.5,7.9,3.7
2020-06-03,21.1,8.8,3.4
2020-06-04,24.6,8.1,3.9
2020-06-05,20.3,8,4.4
2020-06-06,18.6,4.8,3.1
2020-06-07,19.4,3.9,2.2
2020-06-08,21.1,6.1,4.7
2020-06-09,24.5,9.5,6.5
2020-06-10,23.9,9.3,6.3
2020-06-11,22.1,8.9,3.2
2020-06-12,20.9,5.9,2.5
2020-06-13,22.2,7.1,3.6
2020-06-14,23.8,10.3,5.4
2020-06-15,25.3,9.8,6
2020-06-16,21.4,11.4,5.3
2020-06-17,21.6,6.5,4.1
2020-06-18,20.5,8.3,4.7
2020-06-19,19.1,7,3.4
2020-06-20,19.1,4.5,1.7
2020-06-21,19.9,3.1,1.6
2020-06-22,20.3,3.7,1.9
2020-06-23,21.7,4.2,2.3
2020-06-24,21.2,4.4,1.9
2020-06-25,20.9,6.1,2.2
2020-06-26,23,10.3,4.5
2020-06-27,23.8,9.3,2.4
2020-06-28,21.2,4.2,1.4
2020-06-29,21.3,3.5,1.5
2020-06-30,19.5,10,4.8
2020-07-01,16.8,19.7,8.7
2020-07-02,20.1,3.9,2.4
2020-07-03,19.2,4.8,3.1
2020-07-04,19,5.5,3
2020-07-05,19.8,6.2,3.9
2020-07-06,22,4.4,2.1
2020-07-07,22.5,5,2.3
2020-07-08,21.4,6.8,2.3
2020-07-09,22,4,1.4
2020-07-10,21.2,4.6,1.9
2020-07-11,20.1,10.3,4.1
2020-07-12,18.9,5.5,2.4
2020-07-13,17.8,10.3,4.6
2020-07-14,17.8,12.7,9.4
2020-07-15,17.8,6.5,3.4
2020-07-16,19.3,3.5,1.8
2020-07-17,20.1,3.3,2
2020-07-18,20.6,3.5,1.4
2020-07-19,21.1,4.9,1.7
2020-07-20,23,11.2,7.3
2020-07-21,24,5.3,2
2020-07-22,22.2,4.3,1.9
2020-07-23,21.5,4.9,2.3
2020-07-24,20.4,7.2,2.8
2020-07-25,20.7,3.8,1.1
2020-07-26,21.4,4.8,2.8
2020-07-27,22.1,4.2,1.7
2020-07-28,21.9,4.5,1.6
2020-07-29,21.6,3.2,1
2020-07-30,22.9,9.7,2.4
2020-07-31,25.7,4.8,2.5
